Index,Order Date,Shipment Date,Status,Delivery Date,"Order-to-Delivery, days","Price, EUR",Product ID,"Sum of Order, EUR",Qty ordered,Discount %,"Weight, kg",Delivery type,Premium?,Business?,Content rating,Date of creation,Category,Payment type
1,11/5/2021,11/6/2021,Delivered,11/6/2021,1,8.67,225850592,8.67,1,0.27,0.5,Courier,0,0,'36.25,9/21/2021,Container,Card
2,11/5/2021,11/6/2021,Delivered,11/6/2021,1,7.93,225848498,7.93,1,0.33,0.5,Courier,0,0,#N/A,#N/A,No data,Card
3,11/5/2021,11/6/2021,Delivered,11/8/2021,2,7.93,225848498,7.93,1,0.33,0.5,Courier,0,0,#N/A,#N/A,No data,Apple Pay
4,11/5/2021,11/6/2021,Delivered,11/12/2021,7,10.00,244299590,3.33,3,0.36,0.2,Pick-up Point,0,0,'65,10/8/2021,Holidays,Card
5,11/5/2021,11/6/2021,Delivered,11/7/2021,2,2.65,182569295,2.65,1,0.49,0.1,Pick-up Point,0,0,'51.25,7/23/2020,Journal,Card
6,11/5/2021,11/6/2021,Delivered,11/8/2021,3,3.33,202528585,3.33,1,0.55,0.1,Pick-up Point,0,0,'65,8/14/2021,Paper,Card
7,11/5/2021,11/6/2021,Delivered,11/8/2021,3,3.87,251169005,3.87,1,0.51,0.1,Pick-up Point,0,0,'68.75,4/7/2021,Stationary,Card
8,11/5/2021,11/6/2021,Delivered,11/8/2021,3,3.87,251169005,3.87,1,0.51,0.1,Courier,0,0,'68.75,4/7/2021,Stationary,Card
9,11/5/2021,11/6/2021,Delivered,11/7/2021,2,7.93,225848498,7.93,1,0.33,0.5,Courier,0,0,#N/A,#N/A,No data,Card
10,11/5/2021,11/5/2021,Delivered,11/7/2021,2,3.96,199519914,3.96,1,0.6,1.1,Pick-up Point,0,0,'40,6/24/2020,Decoration,Card
11,11/5/2021,11/6/2021,Delivered,11/7/2021,2,6.28,191684958,6.28,1,0.45,0.2,Pick-up Point,0,0,'61.25,8/30/2020,Stationary,Apple Pay
12,11/5/2021,11/6/2021,Delivered,11/8/2021,3,7.93,225848498,7.93,1,0.33,0.5,Pick-up Point,1,0,#N/A,#N/A,No data,Card
13,11/5/2021,11/6/2021,Delivered,11/10/2021,5,3.13,219896042,3.13,1,0.47,0.1,Courier,1,0,'57.5,9/11/2021,Sewing,Apple Pay
14,11/5/2021,11/5/2021,Delivered,11/7/2021,2,7.93,225850168,7.93,1,0.33,0.5,Pick-up Point,0,0,#N/A,#N/A,No data,Google Pay
15,11/5/2021,11/5/2021,Delivered,11/7/2021,2,3.91,262011691,3.91,1,0.47,0.1,Pick-up Point,0,0,'46.25,10/25/2021,Holidays,Card
16,11/5/2021,11/6/2021,Delivered,11/10/2021,5,3.37,260502299,3.37,1,0.37,0.3,Pick-up Point,0,0,#N/A,#N/A,No data,Card
17,11/5/2021,11/5/2021,Delivered,11/6/2021,1,3.87,251169005,3.87,1,0.51,0.1,Courier,1,0,'68.75,4/7/2021,Stationary,Card
18,11/5/2021,11/6/2021,Delivered,11/8/2021,3,7.93,225848498,7.93,1,0.33,0.5,Pick-up Point,0,0,#N/A,#N/A,No data,Card
19,11/5/2021,11/6/2021,Delivered,11/10/2021,5,6.28,191684958,6.28,1,0.45,0.2,Pick-up Point,0,0,'61.25,8/30/2020,Stationary,Card
20,11/5/2021,11/6/2021,Delivered,11/7/2021,2,3.96,199519914,3.96,1,0.6,1.1,Courier,0,0,'40,6/24/2020,Decoration,Card
21,11/5/2021,11/6/2021,Delivered,11/7/2021,2,3.37,260281519,3.37,1,0.35,0.1,Pick-up Point,0,0,'40,10/22/2021,Stationary,Card
22,11/5/2021,11/10/2021,Delivered,11/12/2021,7,6.28,191684958,6.28,1,0.45,0.2,Courier,0,0,'61.25,8/30/2020,Stationary,Card
23,11/5/2021,11/5/2021,Delivered,11/8/2021,3,3.09,219948104,3.09,1,0.41,0.1,Pick-up Point,0,0,'30,9/12/2021,Sticker,Card
24,11/5/2021,11/6/2021,Delivered,11/7/2021,2,2.65,249846004,2.65,1,0.55,0.2,Pick-up Point,0,0,'45,4/4/2021,Paper,Card
25,11/5/2021,11/5/2021,Delivered,11/8/2021,3,2.65,249846004,2.65,1,0.55,0.2,Pick-up box,0,0,'45,4/4/2021,Paper,Apple Pay
26,11/5/2021,11/5/2021,Delivered,11/6/2021,1,3.65,219921682,3.65,1,0.31,0.1,Pick-up Point,0,0,'70,9/12/2021,Study,Google Pay
27,11/5/2021,11/5/2021,Delivered,11/6/2021,1,3.09,219948104,3.09,1,0.41,0.1,Pick-up Point,0,0,'30,9/12/2021,Sticker,Card
28,11/5/2021,11/6/2021,Delivered,11/12/2021,7,4.76,251029409,1.59,3,0.76,0.1,Courier,1,0,'35,10/13/2021,Sticker,Card
29,11/5/2021,11/5/2021,Delivered,11/9/2021,4,3.09,219948104,3.09,1,0.41,0.1,Pick-up Point,1,0,'30,9/12/2021,Sticker,Card
30,11/5/2021,11/6/2021,Delivered,11/12/2021,7,4.67,265265694,4.67,1,0.29,0.8,Pick-up Point,0,0,'40,10/27/2021,Stationary,Google Pay
31,11/5/2021,11/6/2021,Delivered,11/9/2021,4,7.93,225848498,7.93,1,0.33,0.5,Pick-up Point,0,0,#N/A,#N/A,No data,Google Pay
32,11/5/2021,11/6/2021,Delivered,11/8/2021,3,3.87,251169005,3.87,1,0.51,0.1,Pick-up Point,1,0,'68.75,4/7/2021,Stationary,Card
33,11/5/2021,11/5/2021,Delivered,11/9/2021,4,3.87,251169005,3.87,1,0.51,0.1,Pick-up Point,0,0,'68.75,4/7/2021,Stationary,Card
34,11/5/2021,11/6/2021,Delivered,11/6/2021,2,3.37,260281519,3.37,1,0.35,0.1,Pick-up Point,0,0,'40,10/22/2021,Stationary,Card
35,11/5/2021,11/6/2021,Cancelled,,0,7.93,225848498,7.93,1,0.33,0.5,Pick-up Point,0,0,#N/A,#N/A,No data,Card
36,11/4/2021,11/5/2021,Delivered,11/9/2021,5,3.87,251169005,3.87,1,0.51,0.1,Pick-up Point,0,0,'68.75,4/7/2021,Stationary,Card
37,11/4/2021,11/5/2021,Delivered,11/6/2021,2,8.67,225850592,8.67,1,0.27,0.5,Pick-up Point,0,0,'36.25,9/21/2021,Container,Card
38,11/4/2021,11/5/2021,Delivered,11/6/2021,2,5.87,209488909,5.87,1,0.56,0.6,Pick-up Point,0,0,'40,11/17/2020,Stationary,Card
39,11/4/2021,11/5/2021,Delivered,11/7/2021,2,10.12,260281519,3.37,3,0.35,0.2,Pick-up Point,0,0,'40,10/22/2021,Stationary,Card
40,11/4/2021,11/5/2021,Delivered,11/6/2021,2,3.13,219896042,3.13,1,0.47,0.1,Pick-up Point,0,0,'57.5,9/11/2021,Sewing,Card
41,11/4/2021,11/6/2021,Delivered,11/8/2021,4,2.65,182569295,2.65,1,0.49,0.1,Courier,0,0,'51.25,7/23/2020,Journal,Apple Pay
42,11/4/2021,11/4/2021,Delivered,11/9/2021,5,3.33,204942825,3.33,1,0.58,0.1,Pick-up Point,0,0,'45,8/13/2021,Paper,Card
43,11/4/2021,11/5/2021,Delivered,11/6/2021,2,3.87,251169005,3.87,1,0.51,0.1,Pick-up Point,0,0,'68.75,4/7/2021,Stationary,Card
44,11/4/2021,11/5/2021,Delivered,11/6/2021,2,3.13,219896042,3.13,1,0.47,0.1,Pick-up Point,0,0,'57.5,9/11/2021,Sewing,Apple Pay
45,11/4/2021,11/8/2021,Delivered,11/9/2021,5,8.56,206052892,2.85,3,0.64,0.3,Courier,1,0,'45,8/18/2021,Paper,Card
46,11/4/2021,11/5/2021,Delivered,11/8/2021,4,7.93,225848498,7.93,1,0.33,0.5,Pick-up Point,0,0,#N/A,#N/A,No data,Card
47,11/4/2021,11/5/2021,Delivered,11/9/2021,5,2.65,249846004,2.65,1,0.55,0.2,Pick-up Point,0,0,'45,4/4/2021,Paper,Card
48,11/4/2021,11/5/2021,Delivered,11/12/2021,8,3.87,251169005,3.87,1,0.51,0.1,Pick-up Point,0,0,'68.75,4/7/2021,Stationary,Card
49,11/4/2021,11/4/2021,Delivered,11/5/2021,1,8.67,225850592,8.67,1,0.27,0.5,Courier,0,0,'36.25,9/21/2021,Container,Card
50,11/4/2021,11/5/2021,Delivered,11/9/2021,5,7.93,225850168,7.93,1,0.33,0.5,Pick-up Point,0,0,#N/A,#N/A,No data,Card
51,11/4/2021,11/5/2021,Delivered,11/9/2021,5,3.87,251169005,3.87,1,0.51,0.1,Pick-up Point,0,0,'68.75,4/7/2021,Stationary,Card
52,11/4/2021,11/4/2021,Delivered,11/5/2021,1,3.93,249910406,3.93,1,0.46,0.2,Pick-up Point,0,0,'25,4/4/2021,Paper,Card
53,11/4/2021,11/5/2021,Delivered,11/7/2021,3,2.65,182569295,2.65,1,0.49,0.1,Pick-up Point,0,0,'51.25,7/23/2020,Journal,Card
54,11/4/2021,11/4/2021,Cancelled,,-44504,3.93,249910406,3.93,1,0.46,0.2,Pick-up Point,0,0,'25,4/4/2021,Paper,Card
55,11/4/2021,11/4/2021,Delivered,11/5/2021,1,13.13,198486522,13.13,1,0.27,0.7,Courier,0,0,'46.25,9/26/2020,Paper,Card
56,11/4/2021,11/4/2021,Delivered,11/6/2021,2,6.28,191684958,6.28,1,0.45,0.2,Pick-up Point,0,0,'61.25,8/30/2020,Stationary,Apple Pay
57,11/4/2021,11/4/2021,Delivered,11/7/2021,3,2.65,182569295,2.65,1,0.49,0.1,Pick-up Point,0,0,'51.25,7/23/2020,Journal,Google Pay
58,11/4/2021,11/4/2021,Cancelled,,-44504,3.65,219921682,3.65,1,0.31,0.1,Pick-up Point,0,0,'70,9/12/2021,Study,Card
59,11/4/2021,11/5/2021,Delivered,11/7/2021,3,3.87,251169005,3.87,1,0.51,0.1,Pick-up Point,0,0,'68.75,4/7/2021,Stationary,Card
60,11/4/2021,11/5/2021,Delivered,11/6/2021,2,5.87,249919089,5.87,1,0.25,0.2,Courier,0,0,#N/A,#N/A,No data,Card
61,11/4/2021,11/4/2021,Delivered,11/6/2021,2,2.65,249846004,2.65,1,0.55,0.2,Pick-up Point,0,0,'45,4/4/2021,Paper,Card
62,11/4/2021,11/4/2021,Delivered,11/7/2021,3,3.91,249919188,3.91,1,0.51,0.2,Pick-up Point,0,0,'40,4/4/2021,Paper,Apple Pay
63,11/4/2021,11/4/2021,Delivered,11/5/2021,1,3.33,204942825,3.33,1,0.58,0.1,Pick-up Point,0,0,'45,8/13/2021,Paper,Card
64,11/4/2021,11/4/2021,Delivered,11/13/2021,9,3.87,251169005,3.87,1,0.51,0.1,Pick-up Point,0,0,'68.75,4/7/2021,Stationary,Card
65,11/4/2021,11/4/2021,Delivered,11/9/2021,5,6.53,184250194,6.53,1,0.11,0.5,Pick-up Point,1,0,#N/A,#N/A,No data,Card
66,11/3/2021,11/4/2021,Delivered,11/5/2021,2,3.87,251169005,3.87,1,0.51,0.1,Pick-up Point,0,0,'68.75,4/7/2021,Stationary,Card
67,11/3/2021,11/4/2021,Delivered,11/6/2021,3,13.13,198486522,13.13,1,0.27,0.7,Pick-up Point,1,0,'46.25,9/26/2020,Paper,Card
68,11/3/2021,11/4/2021,Delivered,11/8/2021,5,3.87,251169005,3.87,1,0.51,0.1,Pick-up Point,0,0,'68.75,4/7/2021,Stationary,Card
69,11/3/2021,11/8/2021,Cancelled,,-44504,3.33,219899101,3.33,1,0.49,0.1,Courier,0,0,'41.25,9/11/2021,Sticker,Card
70,11/3/2021,11/4/2021,Delivered,11/5/2021,2,3.87,251169005,3.87,1,0.51,0.1,Pick-up Point,0,0,'68.75,4/7/2021,Stationary,Card
71,11/3/2021,11/6/2021,Delivered,11/8/2021,5,3.68,251169005,3.68,1,0.52,0.1,Courier,1,0,'68.75,4/7/2021,Stationary,Card
72,11/3/2021,11/4/2021,Delivered,11/8/2021,5,2.65,249846004,2.65,1,0.55,0.2,Pick-up Point,0,0,'45,4/4/2021,Paper,Card
73,11/3/2021,11/4/2021,Delivered,11/7/2021,4,3.87,219925820,3.87,1,0.34,0.4,Pick-up Point,0,0,'60,9/11/2021,Study,Card
74,11/3/2021,11/3/2021,Delivered,11/4/2021,1,2.65,182569295,2.65,1,0.49,0.1,Pick-up Point,0,0,'51.25,7/23/2020,Journal,Card
75,11/3/2021,11/4/2021,Delivered,11/8/2021,5,3.87,251169005,3.87,1,0.51,0.1,Pick-up Point,0,0,'68.75,4/7/2021,Stationary,Card
76,11/3/2021,11/4/2021,Delivered,11/8/2021,5,2.65,249846004,2.65,1,0.55,0.2,Pick-up Point,0,0,'45,4/4/2021,Paper,Card
77,11/3/2021,11/3/2021,Delivered,11/4/2021,1,3.87,251169005,3.87,1,0.51,0.1,Pick-up Point,0,0,'68.75,4/7/2021,Stationary,Card
78,11/3/2021,11/4/2021,Delivered,11/9/2021,6,3.91,262011691,3.91,1,0.47,0.1,Pick-up Point,1,0,'46.25,10/25/2021,Holidays,Card
79,11/3/2021,11/4/2021,Cancelled,,-44504,2.65,182569295,2.65,1,0.49,0.1,Pick-up Point,0,0,'51.25,7/23/2020,Journal,Apple Pay
80,11/3/2021,11/3/2021,Delivered,11/4/2021,1,13.13,198486522,13.13,1,0.27,0.7,Pick-up Point,0,0,'46.25,9/26/2020,Paper,Card
81,11/3/2021,11/9/2021,Delivered,11/10/2021,7,3.87,251169005,3.87,1,0.51,0.1,Courier,0,0,'68.75,4/7/2021,Stationary,Card
82,11/3/2021,11/3/2021,Delivered,11/6/2021,3,3.13,219896042,3.13,1,0.47,0.1,Pick-up Point,1,0,'57.5,9/11/2021,Sewing,Apple Pay
83,11/3/2021,11/4/2021,Delivered,11/9/2021,6,2.65,249846004,2.65,1,0.55,0.2,Pick-up Point,0,0,'45,4/4/2021,Paper,Card
84,11/3/2021,11/3/2021,Delivered,11/8/2021,5,4.67,184262641,4.67,1,0.41,0.5,Pick-up Point,0,0,'10,7/29/2020,Paper,Apple Pay
85,11/3/2021,11/4/2021,Delivered,11/6/2021,3,5.00,265292051,5.00,1,0.32,0.3,Pick-up Point,0,0,#N/A,#N/A,No data,Card
86,11/3/2021,11/4/2021,Delivered,11/6/2021,3,3.87,251169005,3.87,1,0.51,0.1,Pick-up Point,0,0,'68.75,4/7/2021,Stationary,Apple Pay
87,11/3/2021,11/4/2021,Delivered,11/9/2021,6,3.87,251169005,3.87,1,0.51,0.1,Pick-up Point,0,0,'68.75,4/7/2021,Stationary,Card
88,11/3/2021,11/4/2021,Delivered,11/6/2021,3,7.93,225850168,7.93,1,0.33,0.5,Pick-up Point,0,0,#N/A,#N/A,No data,Google Pay
89,11/3/2021,11/4/2021,Delivered,11/8/2021,5,3.87,251169005,3.87,1,0.51,0.1,Pick-up Point,0,0,'68.75,4/7/2021,Stationary,Apple Pay
90,11/3/2021,11/4/2021,Delivered,11/6/2021,3,5.87,209488909,5.87,1,0.56,0.6,Pick-up Point,0,0,'40,11/17/2020,Stationary,Apple Pay
91,11/3/2021,11/3/2021,Delivered,11/4/2021,1,13.13,198486522,13.13,1,0.27,0.7,Pick-up Point,0,0,'46.25,9/26/2020,Paper,Google Pay
92,11/3/2021,11/4/2021,Delivered,11/7/2021,4,3.68,251169005,3.68,1,0.52,0.1,Pick-up Point,1,0,'68.75,4/7/2021,Stationary,Card
93,11/3/2021,11/5/2021,Delivered,11/6/2021,3,3.65,219921682,3.65,1,0.31,0.1,Courier,0,0,'70,9/12/2021,Study,Apple Pay
94,11/3/2021,11/4/2021,Delivered,11/8/2021,5,3.99,241909946,3.99,1,0.29,0.3,Pick-up Point,0,0,'5,3/16/2021,House & Garden,Apple Pay
95,11/3/2021,11/3/2021,Delivered,11/4/2021,1,3.87,251169005,3.87,1,0.51,0.1,Pick-up Point,0,0,'68.75,4/7/2021,Stationary,Card
96,11/3/2021,11/6/2021,Cancelled,,-44503,3.91,262011691,3.91,1,0.47,0.1,Courier,0,0,'46.25,10/25/2021,Holidays,Card
97,11/3/2021,11/3/2021,Delivered,11/5/2021,2,3.17,219899101,3.17,1,0.5,0.1,Pick-up Point,1,0,'41.25,9/11/2021,Sticker,Card
98,11/3/2021,11/4/2021,Delivered,11/5/2021,2,3.87,251169005,3.87,1,0.51,0.1,Courier,0,0,'68.75,4/7/2021,Stationary,Apple Pay
99,11/3/2021,11/4/2021,Delivered,11/9/2021,6,3.99,241909946,3.99,1,0.29,0.3,Pick-up Point,0,0,'5,3/16/2021,House & Garden,Card
100,11/3/2021,11/6/2021,Delivered,11/8/2021,5,3.65,219921682,3.65,1,0.31,0.1,Pick-up Point,0,0,'70,9/12/2021,Study,Card
101,11/3/2021,11/3/2021,Delivered,11/8/2021,5,2.65,249846004,2.65,1,0.55,0.2,Pick-up Point,0,0,'45,4/4/2021,Paper,Card
102,11/3/2021,11/4/2021,Delivered,11/7/2021,4,5.32,222204429,5.32,1,0.53,0.4,Pick-up Point,0,0,#N/A,#N/A,No data,Card
103,11/3/2021,11/4/2021,Cancelled,,-44503,3.93,249910406,3.93,1,0.46,0.2,Courier,0,0,'25,4/4/2021,Paper,Card
104,11/3/2021,11/3/2021,Delivered,11/4/2021,2,3.99,241909946,3.99,1,0.29,0.3,Pick-up Point,0,0,'5,3/16/2021,House & Garden,Card
105,11/2/2021,11/3/2021,Delivered,11/4/2021,2,2.65,182569295,2.65,1,0.49,0.1,Pick-up Point,0,0,'51.25,7/23/2020,Journal,Card
106,11/2/2021,11/3/2021,Delivered,11/5/2021,3,13.13,198486522,13.13,1,0.27,0.7,Pick-up Point,0,0,'46.25,9/26/2020,Paper,Card
107,11/2/2021,11/3/2021,Delivered,11/7/2021,4,7.93,225850168,7.93,1,0.33,0.5,Courier,0,0,#N/A,#N/A,No data,Apple Pay
108,11/2/2021,11/3/2021,Delivered,11/5/2021,3,3.87,251169005,3.87,1,0.51,0.1,Courier,0,0,'68.75,4/7/2021,Stationary,Card
109,11/2/2021,11/4/2021,Delivered,11/8/2021,6,7.87,249910406,3.93,2,0.46,0.4,Pick-up Point,0,0,'25,4/4/2021,Paper,Apple Pay
110,11/2/2021,11/3/2021,Delivered,11/6/2021,4,3.87,251169005,3.87,1,0.51,0.1,Pick-up Point,0,0,'68.75,4/7/2021,Stationary,Card
111,11/2/2021,11/3/2021,Delivered,11/6/2021,4,3.33,219894852,3.33,1,0.36,0.1,Pick-up Point,0,0,'30,9/11/2021,Sticker,Digital
112,11/2/2021,,Cancelled,,-44503,3.99,241909946,3.99,1,0.29,0.3,Pick-up Point,0,0,'5,3/16/2021,House & Garden,Card
113,11/2/2021,11/3/2021,Delivered,11/6/2021,4,2.65,249846004,2.65,1,0.55,0.2,Pick-up Point,0,0,'45,4/4/2021,Paper,Card
114,11/2/2021,11/5/2021,Delivered,11/10/2021,8,4.67,228251902,4.67,1,0.41,0.1,Courier,0,0,'40,10/1/2021,Stationary,Card
115,11/2/2021,11/3/2021,Delivered,11/4/2021,2,3.87,251169005,3.87,1,0.51,0.1,Pick-up Point,0,0,'68.75,4/7/2021,Stationary,Card
116,11/2/2021,11/3/2021,Delivered,11/9/2021,7,3.99,241909946,3.99,1,0.29,0.3,Pick-up Point,0,0,'5,3/16/2021,House & Garden,Google Pay
117,11/2/2021,11/3/2021,Delivered,11/4/2021,2,6.67,206052892,3.33,2,0.58,0.2,Courier,0,0,'45,8/18/2021,Paper,Card
118,11/2/2021,11/2/2021,Delivered,11/4/2021,2,2.65,249846004,2.65,1,0.55,0.2,Pick-up Point,0,0,'45,4/4/2021,Paper,Card
119,11/2/2021,11/3/2021,Delivered,11/5/2021,3,11.96,241909946,3.99,3,0.29,1,Pick-up Point,0,0,'5,3/16/2021,House & Garden,Card
120,11/2/2021,11/2/2021,Delivered,11/4/2021,2,3.37,260281519,3.37,1,0.35,0.1,Pick-up Point,1,0,'40,10/22/2021,Stationary,Card
121,11/2/2021,11/7/2021,Delivered,11/7/2021,5,1.49,251029409,1.49,1,0.77,0,Courier,0,0,'35,10/13/2021,Sticker,Card
122,11/2/2021,11/3/2021,Delivered,11/5/2021,3,3.09,219949996,3.09,1,0.41,0.1,Pick-up Point,0,0,#N/A,#N/A,No data,Apple Pay
123,11/2/2021,11/3/2021,Delivered,11/9/2021,7,3.33,219899101,3.33,1,0.49,0.1,Pick-up Point,0,0,'41.25,9/11/2021,Sticker,Card
124,11/2/2021,11/2/2021,Delivered,11/3/2021,1,13.13,198486522,13.13,1,0.27,0.7,Pick-up Point,0,0,'46.25,9/26/2020,Paper,Card
125,11/2/2021,11/2/2021,Delivered,11/5/2021,3,3.99,241909946,3.99,1,0.29,0.3,Pick-up Point,0,0,'5,3/16/2021,House & Garden,Apple Pay
126,11/2/2021,11/2/2021,Delivered,11/7/2021,5,5.87,209488909,5.87,1,0.56,0.6,Pick-up Point,0,0,'40,11/17/2020,Stationary,Card
127,11/2/2021,11/2/2021,Delivered,11/4/2021,2,2.65,182569295,2.65,1,0.49,0.1,Pick-up Point,0,0,'51.25,7/23/2020,Journal,Card
128,11/2/2021,11/5/2021,Delivered,11/8/2021,6,3.99,241909946,3.99,1,0.29,0.3,Courier,0,0,'5,3/16/2021,House & Garden,Card
129,11/2/2021,11/3/2021,Delivered,11/6/2021,4,2.65,249846004,2.65,1,0.55,0.2,Pick-up Point,0,0,'45,4/4/2021,Paper,Google Pay
130,11/2/2021,11/3/2021,Delivered,11/8/2021,6,3.87,251169005,3.87,1,0.51,0.1,Pick-up Point,0,0,'68.75,4/7/2021,Stationary,Apple Pay
131,11/2/2021,11/3/2021,Delivered,11/6/2021,4,3.61,298265922,3.61,1,0.45,0.1,Pick-up Point,1,0,'25,6/22/2021,Study,Apple Pay
132,11/2/2021,11/3/2021,Delivered,11/4/2021,2,3.33,244299590,3.33,1,0.36,0.1,Pick-up Point,0,0,'65,10/8/2021,Holidays,Card
133,11/2/2021,11/3/2021,Delivered,11/5/2021,3,5.32,222841895,5.32,1,0.53,0.4,Courier,0,0,#N/A,#N/A,No data,Card
134,11/2/2021,11/3/2021,Delivered,11/6/2021,4,3.87,251169005,3.87,1,0.51,0.1,Courier,1,0,'68.75,4/7/2021,Stationary,Google Pay
135,11/2/2021,11/3/2021,Delivered,11/7/2021,5,7.93,225848498,7.93,1,0.33,0.5,Pick-up Point,0,0,#N/A,#N/A,No data,Card
136,11/2/2021,11/3/2021,Delivered,11/7/2021,5,3.65,219921682,3.65,1,0.31,0.1,Pick-up Point,0,0,'70,9/12/2021,Study,Card
137,11/2/2021,11/3/2021,Delivered,11/6/2021,4,3.87,251169005,3.87,1,0.51,0.1,Pick-up Point,1,0,'68.75,4/7/2021,Stationary,Apple Pay
138,11/2/2021,11/6/2021,Cancelled,,-44502,8.67,225850592,8.67,1,0.27,0.5,Courier,0,0,'36.25,9/21/2021,Container,Apple Pay
139,11/2/2021,11/3/2021,Delivered,11/7/2021,5,3.99,241909946,3.99,1,0.29,0.3,Pick-up Point,0,0,'5,3/16/2021,House & Garden,Apple Pay
140,11/2/2021,11/4/2021,Delivered,11/6/2021,4,3.87,251169005,3.87,1,0.51,0.1,Courier,1,0,'68.75,4/7/2021,Stationary,Card
141,11/2/2021,11/3/2021,Delivered,11/10/2021,8,2.65,249846004,2.65,1,0.55,0.2,Pick-up Point,0,0,'45,4/4/2021,Paper,Apple Pay
142,11/2/2021,11/3/2021,Delivered,11/7/2021,5,2.65,249846004,2.65,1,0.55,0.2,Pick-up Point,0,0,'45,4/4/2021,Paper,Card
143,11/2/2021,11/2/2021,Delivered,11/7/2021,5,3.99,241909946,3.99,1,0.29,0.3,Pick-up Point,0,0,'5,3/16/2021,House & Garden,Card
144,11/2/2021,11/3/2021,Delivered,11/8/2021,6,2.65,249846004,2.65,1,0.55,0.2,Pick-up Point,0,0,'45,4/4/2021,Paper,Card
145,11/2/2021,11/2/2021,Delivered,11/5/2021,3,8.67,225850592,8.67,1,0.27,0.5,Pick-up Point,1,0,'36.25,9/21/2021,Container,Card
146,11/2/2021,11/2/2021,Delivered,11/5/2021,3,7.93,225848498,7.93,1,0.33,0.5,Pick-up Point,1,0,#N/A,#N/A,No data,Card
147,11/2/2021,11/3/2021,Delivered,11/8/2021,6,2.65,249846004,2.65,1,0.55,0.2,Pick-up Point,0,0,'45,4/4/2021,Paper,Card
148,11/2/2021,11/2/2021,Delivered,11/5/2021,3,2.65,249846004,2.65,1,0.55,0.2,Pick-up Point,1,0,'45,4/4/2021,Paper,Card
149,11/2/2021,11/3/2021,Delivered,11/5/2021,3,3.33,219895099,3.33,1,0.49,0.1,Pick-up Point,0,0,'41.25,9/11/2021,Sticker,Credit
150,11/2/2021,11/2/2021,Delivered,11/5/2021,3,3.87,251169005,3.87,1,0.51,0.1,Pick-up Point,0,0,'68.75,4/7/2021,Stationary,Card
151,11/2/2021,11/6/2021,Delivered,11/8/2021,6,3.33,204942825,3.33,1,0.58,0.1,Courier,0,0,'45,8/13/2021,Paper,Card
152,11/2/2021,11/3/2021,Delivered,11/5/2021,3,3.65,219921682,3.65,1,0.31,0.1,Pick-up Point,0,0,'70,9/12/2021,Study,Card
153,11/2/2021,11/6/2021,Delivered,11/11/2021,9,2.65,249846004,2.65,1,0.55,0.2,Pick-up Point,0,0,'45,4/4/2021,Paper,Card
154,11/2/2021,11/2/2021,Delivered,11/6/2021,4,2.65,182569295,2.65,1,0.49,0.1,Pick-up Point,0,0,'51.25,7/23/2020,Journal,Card
155,11/2/2021,11/2/2021,Delivered,11/4/2021,3,3.87,251169005,3.87,1,0.51,0.1,Pick-up Point,0,0,'68.75,4/7/2021,Stationary,Card
156,11/1/2021,11/2/2021,Delivered,11/2/2021,1,3.99,241909946,3.99,1,0.29,0.3,Courier,0,0,'5,3/16/2021,House & Garden,Card
157,11/1/2021,11/2/2021,Delivered,11/7/2021,6,6.28,191684958,6.28,1,0.45,0.2,Pick-up Point,0,0,'61.25,8/30/2020,Stationary,Apple Pay
158,11/1/2021,11/5/2021,Delivered,11/5/2021,4,3.87,251169005,3.87,1,0.51,0.1,Courier,1,0,'68.75,4/7/2021,Stationary,Card
159,11/1/2021,11/3/2021,Delivered,11/4/2021,3,3.87,251169005,3.87,1,0.51,0.1,Courier,1,0,'68.75,4/7/2021,Stationary,Card
160,11/1/2021,11/2/2021,Delivered,11/9/2021,8,3.13,219896042,3.13,1,0.47,0.1,Pick-up Point,0,0,'57.5,9/11/2021,Sewing,Card
161,11/1/2021,11/5/2021,Delivered,11/7/2021,6,3.91,262011691,3.91,1,0.47,0.1,Courier,0,0,'46.25,10/25/2021,Holidays,Card
162,11/1/2021,11/1/2021,Delivered,11/2/2021,1,3.13,219896042,3.13,1,0.47,0.1,Courier,1,0,'57.5,9/11/2021,Sewing,Apple Pay
163,11/1/2021,11/1/2021,Delivered,11/2/2021,1,2.65,182569295,2.65,1,0.49,0.1,Pick-up Point,0,0,'51.25,7/23/2020,Journal,Card
164,11/1/2021,11/2/2021,Delivered,11/9/2021,7,3.91,262011691,3.91,1,0.47,0.1,Pick-up Point,0,0,'46.25,10/25/2021,Holidays,Card
165,11/1/2021,11/1/2021,Delivered,11/2/2021,1,2.60,219546494,2.60,1,0.6,0.1,Pick-up Point,0,0,'56.25,9/8/2021,Stationary,Card
166,11/1/2021,11/2/2021,Delivered,11/4/2021,3,3.61,298265922,3.61,1,0.45,0.1,Pick-up Point,0,0,'25,6/22/2021,Study,Card
167,11/1/2021,11/2/2021,Delivered,11/3/2021,2,3.09,219948104,3.09,1,0.41,0.1,Pick-up Point,1,0,'30,9/12/2021,Sticker,Card
168,11/1/2021,11/2/2021,Delivered,11/3/2021,2,3.87,251169005,3.87,1,0.51,0.1,Courier,0,0,'68.75,4/7/2021,Stationary,Apple Pay
169,11/1/2021,11/2/2021,Delivered,11/6/2021,5,3.87,251169005,3.87,1,0.51,0.1,Pick-up Point,0,0,'68.75,4/7/2021,Stationary,Card
170,11/1/2021,11/2/2021,Delivered,11/5/2021,4,3.87,251169005,3.87,1,0.51,0.1,Pick-up Point,0,0,'68.75,4/7/2021,Stationary,Card
171,11/1/2021,11/2/2021,Delivered,11/7/2021,6,2.65,249846004,2.65,1,0.55,0.2,Pick-up Point,0,0,'45,4/4/2021,Paper,Card
172,11/1/2021,11/2/2021,Delivered,11/6/2021,5,3.87,251169005,3.87,1,0.51,0.1,Pick-up Point,1,0,'68.75,4/7/2021,Stationary,Card
173,11/1/2021,11/2/2021,Delivered,11/4/2021,3,3.33,202528585,3.33,1,0.55,0.1,Pick-up Point,0,0,'65,8/14/2021,Paper,Card
174,11/1/2021,11/2/2021,Delivered,11/3/2021,2,3.99,241909946,3.99,1,0.29,0.3,Courier,0,0,'5,3/16/2021,House & Garden,Card
175,11/1/2021,11/1/2021,Delivered,11/6/2021,5,3.33,244299590,3.33,1,0.36,0.1,Pick-up Point,0,0,'65,10/8/2021,Holidays,Card
176,11/1/2021,11/2/2021,Delivered,11/3/2021,2,3.65,219921682,3.65,1,0.31,0.1,Pick-up Point,0,0,'70,9/12/2021,Study,Card
177,11/1/2021,11/1/2021,Delivered,11/4/2021,3,7.97,241909946,3.99,2,0.29,0.7,Pick-up Point,0,0,'5,3/16/2021,House & Garden,Card
178,11/1/2021,11/2/2021,Delivered,11/8/2021,7,5.87,209488909,5.87,1,0.56,0.6,Pick-up Point,0,0,'40,11/17/2020,Stationary,Card
179,11/1/2021,11/1/2021,Delivered,11/2/2021,1,6.28,191684958,6.28,1,0.45,0.2,Pick-up Point,0,0,'61.25,8/30/2020,Stationary,Card
180,11/1/2021,11/1/2021,Delivered,11/3/2021,2,3.99,241909946,3.99,1,0.29,0.3,Pick-up Point,0,0,'5,3/16/2021,House & Garden,Apple Pay
181,11/1/2021,11/2/2021,Delivered,11/3/2021,2,3.99,241909946,3.99,1,0.29,0.3,Pick-up Point,0,0,'5,3/16/2021,House & Garden,Card
182,11/1/2021,11/1/2021,Delivered,11/3/2021,2,3.99,241909946,3.99,1,0.29,0.3,Pick-up Point,0,0,'5,3/16/2021,House & Garden,Card
183,11/1/2021,11/5/2021,Delivered,11/6/2021,5,4.67,260449582,4.67,1,0.36,0.1,Courier,0,0,#N/A,#N/A,No data,Card
184,11/1/2021,11/1/2021,Delivered,11/2/2021,1,13.13,198486522,13.13,1,0.27,0.7,Pick-up Point,0,0,'46.25,9/26/2020,Paper,Card
185,11/1/2021,11/1/2021,Delivered,11/6/2021,5,2.65,182569295,2.65,1,0.49,0.1,Pick-up Point,0,0,'51.25,7/23/2020,Journal,Card
186,11/1/2021,11/1/2021,Delivered,11/4/2021,3,2.65,182569295,2.65,1,0.49,0.1,Pick-up Point,0,0,'51.25,7/23/2020,Journal,Card
187,11/1/2021,11/2/2021,Delivered,11/3/2021,2,4.67,265292295,4.67,1,0.29,0.1,Pick-up Point,0,0,#N/A,#N/A,No data,Card
188,11/1/2021,11/2/2021,Delivered,11/4/2021,3,3.99,241909946,3.99,1,0.29,0.3,Courier,0,0,'5,3/16/2021,House & Garden,Card
189,11/1/2021,11/1/2021,Delivered,11/2/2021,1,3.33,204942825,3.33,1,0.58,0.1,Pick-up Point,0,0,'45,8/13/2021,Paper,Card
190,11/1/2021,11/1/2021,Delivered,11/5/2021,4,3.13,219896042,3.13,1,0.47,0.1,Pick-up Point,0,0,'57.5,9/11/2021,Sewing,Card
191,11/1/2021,11/2/2021,Delivered,11/3/2021,2,2.65,249846004,2.65,1,0.55,0.2,Courier,0,0,'45,4/4/2021,Paper,Apple Pay
192,11/1/2021,11/1/2021,Delivered,11/2/2021,1,2.65,182569295,2.65,1,0.49,0.1,Pick-up Point,0,0,'51.25,7/23/2020,Journal,Card
193,11/1/2021,11/1/2021,Delivered,11/2/2021,1,3.99,241909946,3.99,1,0.29,0.3,Courier,1,0,'5,3/16/2021,House & Garden,Card
194,11/1/2021,11/1/2021,Delivered,11/4/2021,3,7.97,202528584,3.99,2,0.57,0.2,Pick-up Point,0,0,'40,8/14/2021,Paper,Card
195,10/31/2021,11/1/2021,Delivered,11/3/2021,3,2.65,182569295,2.65,1,0.49,0.1,Pick-up Point,0,0,'51.25,7/23/2020,Journal,Card
196,10/31/2021,11/2/2021,Delivered,11/5/2021,5,7.97,241909946,3.99,2,0.29,0.7,Courier,0,0,'5,3/16/2021,House & Garden,Card
197,10/31/2021,11/1/2021,Delivered,11/2/2021,2,3.13,219896042,3.13,1,0.47,0.1,Pick-up Point,0,0,'57.5,9/11/2021,Sewing,Google Pay
198,10/31/2021,11/1/2021,Delivered,11/5/2021,5,3.99,241909946,3.99,1,0.29,0.3,Pick-up Point,0,0,'5,3/16/2021,House & Garden,Card
199,10/31/2021,11/1/2021,Delivered,11/1/2021,1,3.99,241909946,3.99,1,0.29,0.3,Pick-up Point,0,0,'5,3/16/2021,House & Garden,Card
200,10/31/2021,11/1/2021,Delivered,11/8/2021,8,3.13,219896042,3.13,1,0.47,0.1,Pick-up Point,1,0,'57.5,9/11/2021,Sewing,Card
201,10/31/2021,11/2/2021,Delivered,11/3/2021,3,2.65,249846004,2.65,1,0.55,0.2,Pick-up Point,0,0,'45,4/4/2021,Paper,Card
202,10/31/2021,11/2/2021,Delivered,11/4/2021,4,3.99,241909946,3.99,1,0.29,0.3,Pick-up Point,0,0,'5,3/16/2021,House & Garden,Card
203,10/31/2021,11/3/2021,Delivered,11/8/2021,8,3.96,199519914,3.96,1,0.6,1.1,Courier,0,0,'40,6/24/2020,Decoration,Card
204,10/31/2021,10/31/2021,Delivered,11/1/2021,1,3.99,241909946,3.99,1,0.29,0.3,Pick-up Point,1,0,'5,3/16/2021,House & Garden,Card
205,10/31/2021,10/31/2021,Delivered,11/1/2021,1,3.13,219896042,3.13,1,0.47,0.1,Pick-up Point,0,0,'57.5,9/11/2021,Sewing,Card
206,10/31/2021,10/31/2021,Delivered,11/2/2021,2,2.65,182569295,2.65,1,0.49,0.1,Pick-up Point,0,0,'51.25,7/23/2020,Journal,Card
207,10/31/2021,11/1/2021,Delivered,11/2/2021,2,7.55,225850168,7.55,1,0.34,0.5,Pick-up Point,1,0,#N/A,#N/A,No data,Card
208,10/31/2021,11/1/2021,Delivered,11/5/2021,5,3.33,202528585,3.33,1,0.55,0.1,Pick-up Point,0,0,'65,8/14/2021,Paper,Google Pay
209,10/31/2021,11/1/2021,Delivered,11/3/2021,3,3.33,202528585,3.33,1,0.55,0.1,Pick-up Point,0,0,'65,8/14/2021,Paper,Card
210,10/31/2021,10/31/2021,Delivered,11/2/2021,2,2.65,182569295,2.65,1,0.49,0.1,Pick-up Point,0,0,'51.25,7/23/2020,Journal,Card
211,10/31/2021,11/3/2021,Delivered,11/5/2021,5,3.99,241909946,3.99,1,0.29,0.3,Courier,1,0,'5,3/16/2021,House & Garden,Card
212,10/31/2021,11/1/2021,Delivered,11/3/2021,3,3.33,219899101,3.33,1,0.49,0.1,Pick-up Point,0,0,'41.25,9/11/2021,Sticker,Card
213,10/31/2021,11/1/2021,Delivered,11/2/2021,2,6.28,191684958,6.28,1,0.45,0.2,Pick-up Point,0,0,'61.25,8/30/2020,Stationary,Card
214,10/31/2021,11/1/2021,Delivered,11/2/2021,2,2.60,219546494,2.60,1,0.6,0.1,Pick-up Point,0,0,'56.25,9/8/2021,Stationary,Card
215,10/31/2021,11/1/2021,Delivered,11/6/2021,6,3.09,219948104,3.09,1,0.41,0.1,Pick-up Point,0,0,'30,9/12/2021,Sticker,Card
216,10/31/2021,,Cancelled,,-44500,2.60,219546494,2.60,1,0.6,0.1,Pick-up Point,0,0,'56.25,9/8/2021,Stationary,Card
217,10/31/2021,11/1/2021,Cancelled,,-44500,3.96,199519914,3.96,1,0.6,1.1,Pick-up Point,0,0,'40,6/24/2020,Decoration,Card
218,10/30/2021,10/31/2021,Delivered,11/1/2021,1,3.99,241909946,3.99,1,0.29,0.3,Courier,0,0,'5,3/16/2021,House & Garden,Card
219,10/30/2021,10/31/2021,Delivered,11/1/2021,2,3.99,241909946,3.99,1,0.29,0.3,Pick-up Point,0,0,'5,3/16/2021,House & Garden,Card
220,10/30/2021,10/31/2021,Delivered,11/1/2021,2,3.33,206052892,3.33,1,0.58,0.1,Courier,0,0,'45,8/18/2021,Paper,Apple Pay
221,10/30/2021,10/31/2021,Delivered,11/4/2021,5,5.32,222204429,5.32,1,0.53,0.4,Pick-up Point,0,0,#N/A,#N/A,No data,Google Pay
222,10/30/2021,10/30/2021,Delivered,10/31/2021,1,3.99,241909946,3.99,1,0.29,0.3,Courier,1,0,'5,3/16/2021,House & Garden,Card
223,10/30/2021,10/30/2021,Delivered,11/1/2021,2,2.65,182569295,2.65,1,0.49,0.1,Pick-up Point,0,0,'51.25,7/23/2020,Journal,Card
224,10/30/2021,10/31/2021,Delivered,11/3/2021,4,3.33,219908882,3.33,1,0.37,0.1,Pick-up Point,0,0,'30,9/11/2021,Sticker,Card
225,10/30/2021,10/31/2021,Delivered,11/2/2021,3,3.13,219896042,3.13,1,0.47,0.1,Pick-up Point,0,0,'57.5,9/11/2021,Sewing,Card
226,10/30/2021,11/1/2021,Delivered,11/1/2021,2,7.92,241909946,3.96,2,0.29,0.7,Pick-up Point,0,0,'5,3/16/2021,House & Garden,Google Pay
227,10/30/2021,10/30/2021,Delivered,11/1/2021,2,7.92,241909946,3.96,2,0.29,0.7,Pick-up Point,0,0,'5,3/16/2021,House & Garden,Card
228,10/30/2021,10/31/2021,Delivered,11/2/2021,3,2.65,249846004,2.65,1,0.55,0.2,Pick-up Point,0,0,'45,4/4/2021,Paper,Card
229,10/30/2021,10/31/2021,Delivered,11/2/2021,3,3.13,219948104,3.13,1,0.4,0.1,Courier,0,0,'30,9/12/2021,Sticker,Card
230,10/30/2021,10/30/2021,Delivered,10/31/2021,1,2.60,219546494,2.60,1,0.6,0.1,Pick-up Point,0,0,'56.25,9/8/2021,Stationary,Card
231,10/30/2021,10/31/2021,Delivered,11/1/2021,2,3.96,241909946,3.96,1,0.29,0.3,Pick-up Point,0,0,'5,3/16/2021,House & Garden,Google Pay
232,10/30/2021,11/1/2021,Delivered,11/3/2021,4,2.65,249846004,2.65,1,0.55,0.2,Courier,0,0,'45,4/4/2021,Paper,Card
233,10/30/2021,10/31/2021,Delivered,11/2/2021,3,3.96,241909946,3.96,1,0.29,0.3,Pick-up Point,0,0,'5,3/16/2021,House & Garden,Card
234,10/30/2021,10/30/2021,Delivered,11/3/2021,4,7.92,241909946,3.96,2,0.29,0.7,Pick-up Point,1,0,'5,3/16/2021,House & Garden,Card
235,10/29/2021,10/30/2021,Delivered,11/1/2021,3,2.65,249846004,2.65,1,0.55,0.2,Pick-up Point,0,0,'45,4/4/2021,Paper,Card
236,10/29/2021,10/30/2021,Delivered,11/1/2021,3,11.88,241909946,3.96,3,0.29,1,Pick-up box,0,0,'5,3/16/2021,House & Garden,Apple Pay
237,10/29/2021,10/29/2021,Delivered,10/31/2021,2,2.65,182569295,2.65,1,0.49,0.1,Pick-up Point,0,0,'51.25,7/23/2020,Journal,Card
238,10/29/2021,10/29/2021,Delivered,10/30/2021,1,2.60,219546494,2.60,1,0.6,0.1,Pick-up Point,0,0,'56.25,9/8/2021,Stationary,Card
239,10/29/2021,10/30/2021,Delivered,11/1/2021,3,3.33,219895099,3.33,1,0.49,0.1,Pick-up Point,0,0,'41.25,9/11/2021,Sticker,Card
240,10/29/2021,10/30/2021,Delivered,10/31/2021,2,3.13,219948104,3.13,1,0.4,0.1,Pick-up Point,0,0,'30,9/12/2021,Sticker,Card
241,10/29/2021,10/29/2021,Delivered,10/30/2021,1,6.28,191684958,6.28,1,0.45,0.2,Pick-up Point,0,0,'61.25,8/30/2020,Stationary,Card
242,10/29/2021,10/30/2021,Delivered,10/30/2021,1,3.96,241909946,3.96,1,0.29,0.3,Courier,0,0,'5,3/16/2021,House & Garden,Apple Pay
243,10/29/2021,10/30/2021,Delivered,11/1/2021,3,3.96,241909946,3.96,1,0.29,0.3,Pick-up Point,0,0,'5,3/16/2021,House & Garden,Card
244,10/29/2021,10/30/2021,Delivered,11/1/2021,3,3.96,241909946,3.96,1,0.29,0.3,Pick-up Point,0,0,'5,3/16/2021,House & Garden,Card
245,10/29/2021,10/30/2021,Delivered,11/6/2021,8,7.93,225850168,7.93,1,0.33,0.5,Pick-up Point,0,0,#N/A,#N/A,No data,Google Pay
246,10/29/2021,10/30/2021,Delivered,11/3/2021,5,3.93,219921682,3.93,1,0.26,0.1,Pick-up Point,0,0,'70,9/12/2021,Study,Card
247,10/29/2021,10/30/2021,Delivered,11/9/2021,11,3.33,202528585,3.33,1,0.55,0.1,Pick-up Point,0,1,'65,8/14/2021,Paper,Business account
248,10/29/2021,10/29/2021,Delivered,11/4/2021,6,3.87,219925820,3.87,1,0.34,0.4,Pick-up Point,0,0,'60,9/11/2021,Study,Card
249,10/29/2021,10/30/2021,Delivered,10/31/2021,2,3.96,241909946,3.96,1,0.29,0.3,Pick-up Point,0,0,'5,3/16/2021,House & Garden,Card
250,10/29/2021,10/30/2021,Delivered,11/1/2021,3,2.65,182569295,2.65,1,0.49,0.1,Pick-up Point,0,0,'51.25,7/23/2020,Journal,Card
251,10/29/2021,10/30/2021,Delivered,11/4/2021,6,3.87,219925820,3.87,1,0.34,0.4,Pick-up Point,0,0,'60,9/11/2021,Study,Card
252,10/29/2021,10/29/2021,Delivered,10/31/2021,2,26.53,182569295,2.65,10,0.49,1.4,Pick-up Point,0,0,'51.25,7/23/2020,Journal,Card
253,10/29/2021,11/3/2021,Delivered,11/9/2021,11,3.93,219921682,3.93,1,0.26,0.1,Courier,1,0,'70,9/12/2021,Study,Apple Pay
254,10/29/2021,10/30/2021,Delivered,11/2/2021,4,3.13,219949996,3.13,1,0.4,0.1,Pick-up box,0,0,#N/A,#N/A,No data,Card
255,10/29/2021,10/29/2021,Delivered,11/3/2021,5,3.96,241909946,3.96,1,0.29,0.3,Pick-up Point,0,0,'5,3/16/2021,House & Garden,Card
256,10/28/2021,10/29/2021,Delivered,11/1/2021,4,3.77,219925820,3.77,1,0.36,0.4,Pick-up Point,1,0,'60,9/11/2021,Study,Card
257,10/28/2021,10/29/2021,Delivered,11/1/2021,4,6.53,225895240,6.53,1,0.48,4,Pick-up Point,0,0,'55,1/28/2021,Stationary,Apple Pay
258,10/28/2021,10/29/2021,Delivered,10/30/2021,2,6.27,219896042,3.13,2,0.47,0.1,Pick-up Point,0,0,'57.5,9/11/2021,Sewing,Card
259,10/28/2021,10/29/2021,Delivered,10/31/2021,3,3.13,219949996,3.13,1,0.4,0.1,Pick-up Point,0,0,#N/A,#N/A,No data,Card
260,10/28/2021,10/29/2021,Delivered,11/4/2021,7,3.96,241909946,3.96,1,0.29,0.3,Pick-up Point,0,0,'5,3/16/2021,House & Garden,Google Pay
261,10/28/2021,10/29/2021,Delivered,11/3/2021,6,3.13,219948104,3.13,1,0.4,0.1,Pick-up Point,0,0,'30,9/12/2021,Sticker,Card
262,10/28/2021,11/2/2021,Delivered,11/3/2021,6,6.53,225895240,6.53,1,0.48,4,Courier,0,0,'55,1/28/2021,Stationary,Card
263,10/28/2021,11/2/2021,Delivered,11/3/2021,6,6.53,225895240,6.53,1,0.48,4,Courier,0,0,'55,1/28/2021,Stationary,Card
264,10/28/2021,10/29/2021,Delivered,10/31/2021,3,3.61,291090282,3.61,1,0.45,0.1,Pick-up Point,0,0,'31.25,6/3/2021,Study,Apple Pay
265,10/28/2021,10/30/2021,Delivered,10/31/2021,3,5.87,209488909,5.87,1,0.56,0.6,Pick-up Point,0,0,'40,11/17/2020,Stationary,Google Pay
266,10/28/2021,10/29/2021,Delivered,11/1/2021,4,3.96,241909946,3.96,1,0.29,0.3,Pick-up Point,0,0,'5,3/16/2021,House & Garden,Card
267,10/28/2021,10/28/2021,Delivered,10/29/2021,1,2.60,219546494,2.60,1,0.6,0.1,Pick-up Point,0,0,'56.25,9/8/2021,Stationary,Card
268,10/28/2021,10/29/2021,Delivered,11/5/2021,8,7.93,225850168,7.93,1,0.33,0.5,Pick-up Point,0,0,#N/A,#N/A,No data,Card
269,10/28/2021,10/29/2021,Delivered,10/31/2021,3,3.13,219896042,3.13,1,0.47,0.1,Pick-up Point,0,0,'57.5,9/11/2021,Sewing,Apple Pay
270,10/28/2021,10/29/2021,Delivered,10/30/2021,2,3.96,241909946,3.96,1,0.29,0.3,Pick-up Point,0,0,'5,3/16/2021,House & Garden,Card
271,10/28/2021,10/28/2021,Delivered,10/29/2021,1,5.87,209488909,5.87,1,0.56,0.6,Pick-up Point,0,0,'40,11/17/2020,Stationary,Card
272,10/28/2021,10/29/2021,Delivered,11/3/2021,6,5.87,209488909,5.87,1,0.56,0.6,Pick-up Point,0,0,'40,11/17/2020,Stationary,Card
273,10/28/2021,10/29/2021,Delivered,10/31/2021,3,3.61,291090282,3.61,1,0.45,0.1,Pick-up Point,0,0,'31.25,6/3/2021,Study,Card
274,10/28/2021,10/29/2021,Delivered,11/2/2021,5,2.65,182569295,2.65,1,0.49,0.1,Pick-up Point,0,0,'51.25,7/23/2020,Journal,Card
275,10/28/2021,10/29/2021,Delivered,11/1/2021,4,6.53,225895240,6.53,1,0.48,4,Pick-up Point,0,0,'55,1/28/2021,Stationary,Card
276,10/28/2021,10/28/2021,Delivered,10/29/2021,1,6.28,191684958,6.28,1,0.45,0.2,Pick-up Point,0,0,'61.25,8/30/2020,Stationary,Apple Pay
277,10/28/2021,10/29/2021,Delivered,11/1/2021,4,3.87,219925820,3.87,1,0.34,0.4,Pick-up Point,0,0,'60,9/11/2021,Study,Google Pay
278,10/28/2021,10/29/2021,Delivered,11/2/2021,5,3.96,199519914,3.96,1,0.6,1.1,Pick-up Point,0,0,'40,6/24/2020,Decoration,Card
279,10/28/2021,10/29/2021,Delivered,11/4/2021,7,3.96,199519914,3.96,1,0.6,1.1,Pick-up Point,0,0,'40,6/24/2020,Decoration,Card
280,10/27/2021,10/28/2021,Delivered,10/29/2021,2,2.93,290998918,2.93,1,0.55,0.1,Pick-up Point,1,0,'36.25,6/3/2021,Study,Card
281,10/27/2021,10/28/2021,Delivered,10/31/2021,4,5.20,214005955,5.20,1,0.34,0,Pick-up Point,0,0,#N/A,#N/A,No data,Card
282,10/27/2021,10/28/2021,Delivered,11/1/2021,5,7.93,225850168,7.93,1,0.33,0.5,Pick-up Point,1,0,#N/A,#N/A,No data,Google Pay
283,10/27/2021,10/28/2021,Delivered,10/29/2021,2,2.60,219546494,2.60,1,0.6,0.1,Pick-up Point,0,0,'56.25,9/8/2021,Stationary,Apple Pay
284,10/27/2021,10/28/2021,Delivered,10/29/2021,2,3.33,219899101,3.33,1,0.49,0.1,Pick-up Point,0,0,'41.25,9/11/2021,Sticker,Card
285,10/27/2021,10/28/2021,Delivered,11/3/2021,7,3.33,202528585,3.33,1,0.55,0.1,Pick-up Point,0,0,'65,8/14/2021,Paper,Card
286,10/27/2021,10/28/2021,Delivered,10/31/2021,4,3.61,291090282,3.61,1,0.45,0.1,Pick-up Point,0,0,'31.25,6/3/2021,Study,Card
287,10/27/2021,10/28/2021,Delivered,10/31/2021,4,3.61,298265922,3.61,1,0.45,0.1,Pick-up Point,0,0,'25,6/22/2021,Study,Card
288,10/27/2021,10/27/2021,Delivered,10/31/2021,4,15.87,225850168,7.93,2,0.33,1,Pick-up Point,1,0,#N/A,#N/A,No data,Card
289,10/27/2021,10/28/2021,Delivered,10/29/2021,2,6.28,191684958,6.28,1,0.45,0.2,Courier,1,0,'61.25,8/30/2020,Stationary,Card
290,10/27/2021,10/27/2021,Delivered,10/30/2021,3,3.33,202528585,3.33,1,0.55,0.1,Pick-up Point,0,0,'65,8/14/2021,Paper,Card
291,10/26/2021,10/27/2021,Delivered,10/28/2021,2,5.87,209488909,5.87,1,0.56,0.6,Pick-up Point,1,0,'40,11/17/2020,Stationary,Apple Pay
292,10/26/2021,10/27/2021,Cancelled,,-44496,5.87,209488909,5.87,1,0.56,0.6,Pick-up Point,0,0,'40,11/17/2020,Stationary,Card
293,10/26/2021,10/27/2021,Delivered,11/2/2021,6,15.87,225850168,7.93,2,0.33,1,Pick-up Point,0,0,#N/A,#N/A,No data,Apple Pay
294,10/26/2021,10/27/2021,Delivered,10/30/2021,4,3.96,199519914,3.96,1,0.6,1.1,Courier,0,0,'40,6/24/2020,Decoration,Card
295,10/26/2021,10/27/2021,Delivered,10/31/2021,5,7.93,225848498,7.93,1,0.33,0.5,Pick-up Point,0,0,#N/A,#N/A,No data,Card
296,10/26/2021,10/27/2021,Delivered,11/6/2021,11,3.96,199519914,3.96,1,0.6,1.1,Pick-up Point,0,0,'40,6/24/2020,Decoration,Card
297,10/26/2021,10/27/2021,Delivered,10/30/2021,4,3.33,219894852,3.33,1,0.36,0.1,Pick-up Point,0,0,'30,9/11/2021,Sticker,Card
298,10/26/2021,10/27/2021,Delivered,10/29/2021,3,3.61,291090282,3.61,1,0.45,0.1,Pick-up Point,0,0,'31.25,6/3/2021,Study,Card
299,10/26/2021,10/26/2021,Delivered,10/29/2021,3,10.00,202528585,3.33,3,0.55,0.4,Pick-up Point,0,0,'65,8/14/2021,Paper,Card
300,10/26/2021,10/28/2021,Delivered,11/2/2021,7,3.99,202528584,3.99,1,0.57,0.1,Pick-up Point,0,0,'40,8/14/2021,Paper,Credit
301,10/26/2021,10/27/2021,Delivered,10/31/2021,5,3.13,219949996,3.13,1,0.4,0.1,Pick-up Point,0,0,#N/A,#N/A,No data,Card
302,10/26/2021,10/27/2021,Delivered,10/29/2021,3,7.93,225848498,7.93,1,0.33,0.5,Pick-up Point,0,0,#N/A,#N/A,No data,Card
303,10/26/2021,10/26/2021,Delivered,11/1/2021,6,3.93,219921682,3.93,1,0.26,0.1,Pick-up Point,0,0,'70,9/12/2021,Study,Card
304,10/26/2021,10/27/2021,Delivered,10/29/2021,3,3.33,206052892,3.33,1,0.58,0.1,Courier,1,0,'45,8/18/2021,Paper,Apple Pay
305,10/25/2021,10/26/2021,Delivered,10/27/2021,2,3.87,219925820,3.87,1,0.34,0.4,Pick-up Point,0,0,'60,9/11/2021,Study,Card
306,10/25/2021,10/26/2021,Delivered,10/31/2021,6,2.60,219546494,2.60,1,0.6,0.1,Pick-up Point,0,0,'56.25,9/8/2021,Stationary,Apple Pay
307,10/25/2021,10/26/2021,Delivered,10/27/2021,2,3.61,291090282,3.61,1,0.45,0.1,Pick-up Point,0,0,'31.25,6/3/2021,Study,Card
308,10/25/2021,10/26/2021,Delivered,10/28/2021,3,3.87,219925820,3.87,1,0.34,0.4,Pick-up Point,0,0,'60,9/11/2021,Study,Apple Pay
309,10/25/2021,10/26/2021,Delivered,10/29/2021,4,7.93,225850168,7.93,1,0.33,0.5,Pick-up Point,0,0,#N/A,#N/A,No data,Card
310,10/25/2021,10/26/2021,Cancelled,,-44495,7.93,225848498,7.93,1,0.33,0.5,Pick-up Point,0,0,#N/A,#N/A,No data,Card
311,10/25/2021,10/26/2021,Delivered,10/31/2021,6,3.96,199519914,3.96,1,0.6,1.1,Pick-up box,1,0,'40,6/24/2020,Decoration,Card
312,10/25/2021,10/25/2021,Delivered,10/26/2021,1,6.67,202528585,3.33,2,0.55,0.2,Courier,1,0,'65,8/14/2021,Paper,Card
313,10/25/2021,10/28/2021,Cancelled,,-44495,3.96,199519914,3.96,1,0.6,1.1,Courier,1,0,'40,6/24/2020,Decoration,Card
314,10/25/2021,10/28/2021,Delivered,10/31/2021,6,3.33,219894852,3.33,1,0.36,0.1,Courier,1,0,'30,9/11/2021,Sticker,Apple Pay
315,10/25/2021,10/26/2021,Delivered,10/29/2021,4,3.99,202528584,3.99,1,0.57,0.1,Pick-up Point,0,0,'40,8/14/2021,Paper,Card
316,10/25/2021,10/26/2021,Delivered,10/28/2021,3,2.93,290998918,2.93,1,0.55,0.1,Pick-up Point,0,0,'36.25,6/3/2021,Study,Card
317,10/25/2021,10/26/2021,Delivered,10/29/2021,4,6.53,225895240,6.53,1,0.48,4,Pick-up Point,0,0,'55,1/28/2021,Stationary,Card
318,10/25/2021,10/26/2021,Delivered,10/27/2021,2,3.96,199519914,3.96,1,0.6,1.1,Courier,0,0,'40,6/24/2020,Decoration,Card
319,10/25/2021,10/26/2021,Delivered,10/26/2021,2,6.28,191684958,6.28,1,0.45,0.2,Pick-up Point,0,0,'61.25,8/30/2020,Stationary,Apple Pay
320,10/25/2021,10/25/2021,Delivered,10/27/2021,2,2.60,219546494,2.60,1,0.6,0.1,Pick-up Point,0,0,'56.25,9/8/2021,Stationary,Card
321,10/25/2021,10/26/2021,Delivered,11/1/2021,7,7.93,225848498,7.93,1,0.33,0.5,Pick-up Point,0,0,#N/A,#N/A,No data,Card
322,10/24/2021,10/25/2021,Delivered,10/27/2021,3,7.93,225848498,7.93,1,0.33,0.5,Pick-up Point,1,0,#N/A,#N/A,No data,Card
323,10/24/2021,10/24/2021,Delivered,10/27/2021,3,15.87,225848498,7.93,2,0.33,1,Pick-up Point,0,0,#N/A,#N/A,No data,Card
324,10/24/2021,10/24/2021,Delivered,10/25/2021,1,2.93,290998918,2.93,1,0.55,0.1,Pick-up Point,1,0,'36.25,6/3/2021,Study,Card
325,10/24/2021,10/25/2021,Delivered,10/28/2021,4,3.61,298265922,3.61,1,0.45,0.1,Pick-up Point,0,0,'25,6/22/2021,Study,Google Pay
326,10/24/2021,10/24/2021,Delivered,10/27/2021,3,5.32,222845644,5.32,1,0.53,0.4,Pick-up Point,0,0,#N/A,#N/A,No data,Card
327,10/24/2021,10/24/2021,Delivered,10/27/2021,3,7.93,225848498,7.93,1,0.33,0.5,Pick-up Point,0,0,#N/A,#N/A,No data,Card
328,10/24/2021,10/25/2021,Delivered,10/27/2021,3,7.93,225848498,7.93,1,0.33,0.5,Pick-up Point,0,0,#N/A,#N/A,No data,Google Pay
329,10/24/2021,10/25/2021,Delivered,10/26/2021,2,7.93,225848498,7.93,1,0.33,0.5,Pick-up Point,0,0,#N/A,#N/A,No data,Card
330,10/24/2021,10/25/2021,Delivered,10/30/2021,6,3.99,202528584,3.99,1,0.57,0.1,Pick-up Point,0,0,'40,8/14/2021,Paper,Google Pay
331,10/24/2021,10/24/2021,Delivered,10/25/2021,1,7.93,225850168,7.93,1,0.33,0.5,Courier,1,0,#N/A,#N/A,No data,Apple Pay
332,10/23/2021,10/24/2021,Delivered,11/1/2021,9,7.93,225850168,7.93,1,0.33,0.5,Pick-up Point,0,0,#N/A,#N/A,No data,Card
333,10/23/2021,10/24/2021,Delivered,10/25/2021,2,7.93,225850168,7.93,1,0.33,0.5,Pick-up Point,0,0,#N/A,#N/A,No data,Card
334,10/23/2021,10/24/2021,Delivered,10/31/2021,8,3.99,202528584,3.99,1,0.57,0.1,Pick-up Point,0,0,'40,8/14/2021,Paper,Card
335,10/23/2021,10/24/2021,Delivered,10/26/2021,3,7.93,225850168,7.93,1,0.33,0.5,Pick-up Point,0,0,#N/A,#N/A,No data,Apple Pay
336,10/23/2021,10/24/2021,Delivered,10/25/2021,2,2.93,290998918,2.93,1,0.55,0.1,Pick-up Point,0,0,'36.25,6/3/2021,Study,Card
337,10/23/2021,10/24/2021,Delivered,10/25/2021,2,2.60,219546494,2.60,1,0.6,0.1,Pick-up Point,0,0,'56.25,9/8/2021,Stationary,Card
338,10/23/2021,10/24/2021,Delivered,10/31/2021,8,5.87,209488909,5.87,1,0.56,0.6,Pick-up Point,0,0,'40,11/17/2020,Stationary,Card
339,10/23/2021,10/24/2021,Delivered,10/26/2021,3,5.87,209488909,5.87,1,0.56,0.6,Pick-up Point,0,0,'40,11/17/2020,Stationary,Card
340,10/23/2021,10/24/2021,Delivered,10/26/2021,3,3.33,219895099,3.33,1,0.49,0.1,Pick-up Point,0,0,'41.25,9/11/2021,Sticker,Card
341,10/23/2021,10/23/2021,Delivered,10/26/2021,3,3.96,241909946,3.96,1,0.29,0.3,Pick-up Point,0,0,'5,3/16/2021,House & Garden,Google Pay
342,10/22/2021,10/23/2021,Delivered,10/24/2021,2,3.96,241909946,3.96,1,0.29,0.3,Pick-up Point,0,0,'5,3/16/2021,House & Garden,Apple Pay
343,10/22/2021,10/23/2021,Delivered,10/25/2021,3,3.33,219908882,3.33,1,0.37,0.1,Pick-up Point,0,0,'30,9/11/2021,Sticker,Card
344,10/22/2021,10/23/2021,Delivered,10/23/2021,1,2.60,219546494,2.60,1,0.6,0.1,Pick-up Point,1,0,'56.25,9/8/2021,Stationary,Card
345,10/22/2021,10/27/2021,Delivered,10/28/2021,6,4.67,250990858,4.67,1,0.41,0.1,Courier,1,0,'65,4/4/2021,Paper,Card
346,10/22/2021,10/23/2021,Cancelled,,-44492,7.93,225850168,7.93,1,0.33,0.5,Pick-up Point,0,0,#N/A,#N/A,No data,Apple Pay
347,10/22/2021,10/24/2021,Delivered,11/1/2021,10,3.96,199519914,3.96,1,0.6,1.1,Pick-up Point,0,0,'40,6/24/2020,Decoration,Card
348,10/22/2021,10/23/2021,Cancelled,,-44492,8.40,225850168,8.40,1,0.29,0.5,Pick-up Point,1,0,#N/A,#N/A,No data,Card
349,10/22/2021,10/23/2021,Delivered,10/27/2021,5,3.87,219899101,3.87,1,0.41,0.1,Pick-up Point,0,0,'41.25,9/11/2021,Sticker,Card
350,10/22/2021,10/23/2021,Delivered,10/26/2021,4,8.40,225850168,8.40,1,0.28,0.5,Pick-up Point,0,0,#N/A,#N/A,No data,Card
351,10/22/2021,10/23/2021,Delivered,10/25/2021,3,8.40,225850168,8.40,1,0.29,0.5,Pick-up Point,0,0,#N/A,#N/A,No data,Card
352,10/22/2021,10/23/2021,Delivered,10/27/2021,5,7.92,241909946,3.96,2,0.29,0.7,Pick-up Point,0,0,'5,3/16/2021,House & Garden,Card
353,10/22/2021,10/22/2021,Delivered,10/26/2021,4,8.40,225850168,8.40,1,0.29,0.5,Pick-up Point,0,0,#N/A,#N/A,No data,Apple Pay
354,10/22/2021,10/26/2021,Delivered,10/28/2021,6,8.40,225850168,8.40,1,0.29,0.5,Courier,0,0,#N/A,#N/A,No data,Card
355,10/22/2021,10/23/2021,Delivered,10/25/2021,3,8.40,225850168,8.40,1,0.29,0.5,Pick-up Point,0,0,#N/A,#N/A,No data,Card
356,10/22/2021,10/22/2021,Delivered,10/26/2021,4,3.96,241909946,3.96,1,0.29,0.3,Pick-up Point,0,0,'5,3/16/2021,House & Garden,Apple Pay
357,10/22/2021,10/22/2021,Delivered,10/23/2021,1,3.33,219546494,3.33,1,0.49,0.1,Pick-up Point,0,0,'56.25,9/8/2021,Stationary,Card
358,10/22/2021,10/22/2021,Delivered,10/25/2021,3,8.40,225850168,8.40,1,0.29,0.5,Pick-up Point,1,0,#N/A,#N/A,No data,Card
359,10/22/2021,10/24/2021,Delivered,10/25/2021,3,3.96,241909946,3.96,1,0.29,0.3,Pick-up Point,0,0,'5,3/16/2021,House & Garden,Card
360,10/22/2021,10/23/2021,Delivered,10/31/2021,9,5.20,214005955,5.20,1,0.34,0,Pick-up Point,0,0,#N/A,#N/A,No data,Apple Pay
361,10/21/2021,10/22/2021,Delivered,10/22/2021,1,3.96,241909946,3.96,1,0.29,0.3,Pick-up Point,0,0,'5,3/16/2021,House & Garden,Apple Pay
362,10/21/2021,10/22/2021,Delivered,10/29/2021,8,8.40,225850168,8.40,1,0.29,0.5,Pick-up Point,0,0,#N/A,#N/A,No data,Card
363,10/21/2021,10/22/2021,Delivered,10/24/2021,3,5.20,202528585,5.20,1,0.29,0.1,Pick-up Point,0,0,'65,8/14/2021,Paper,Card
364,10/21/2021,10/22/2021,Delivered,10/27/2021,6,8.40,225850168,8.40,1,0.29,0.5,Pick-up Point,0,0,#N/A,#N/A,No data,Card
365,10/21/2021,10/22/2021,Delivered,10/30/2021,9,3.96,241909946,3.96,1,0.29,0.3,Pick-up Point,1,0,'5,3/16/2021,House & Garden,Card
366,10/21/2021,10/22/2021,Delivered,10/24/2021,3,3.96,199519914,3.96,1,0.6,1.1,Courier,1,0,'40,6/24/2020,Decoration,Card
367,10/21/2021,10/22/2021,Delivered,10/28/2021,7,7.33,209488909,7.33,1,0.44,0.6,Pick-up Point,0,0,'40,11/17/2020,Stationary,Card
368,10/21/2021,10/23/2021,Delivered,10/25/2021,4,8.67,225848498,8.67,1,0.27,0.5,Courier,1,0,#N/A,#N/A,No data,Card
369,10/21/2021,10/22/2021,Delivered,10/24/2021,3,8.67,225848498,8.67,1,0.27,0.5,Courier,0,0,#N/A,#N/A,No data,Card
370,10/21/2021,10/21/2021,Delivered,10/22/2021,1,3.96,290998918,3.96,1,0.39,0.1,Pick-up Point,0,0,'36.25,6/3/2021,Study,Card
371,10/21/2021,10/22/2021,Cancelled,,-44490,3.96,199519914,3.96,1,0.6,1.1,Pick-up Point,0,0,'40,6/24/2020,Decoration,Card
372,10/21/2021,10/22/2021,Delivered,10/24/2021,3,7.33,209488909,7.33,1,0.44,0.6,Pick-up Point,0,0,'40,11/17/2020,Stationary,Card
373,10/21/2021,10/22/2021,Delivered,10/26/2021,5,3.96,241909946,3.96,1,0.29,0.3,Pick-up Point,1,0,'5,3/16/2021,House & Garden,Card
374,10/21/2021,10/22/2021,Delivered,10/25/2021,4,8.67,225848498,8.67,1,0.27,0.5,Pick-up Point,0,0,#N/A,#N/A,No data,Card
375,10/21/2021,10/21/2021,Delivered,10/21/2021,1,3.96,199519914,3.96,1,0.6,1.1,Courier,1,0,'40,6/24/2020,Decoration,Card
376,10/21/2021,10/22/2021,Delivered,10/25/2021,4,3.96,241909946,3.96,1,0.29,0.3,Pick-up Point,0,0,'5,3/16/2021,House & Garden,Apple Pay
377,10/20/2021,10/21/2021,Delivered,10/23/2021,3,3.96,199519914,3.96,1,0.6,1.1,Pick-up Point,0,0,'40,6/24/2020,Decoration,Card
378,10/20/2021,10/21/2021,Delivered,10/25/2021,5,3.96,241909946,3.96,1,0.29,0.3,Pick-up Point,1,0,'5,3/16/2021,House & Garden,Card
379,10/20/2021,10/21/2021,Delivered,10/21/2021,1,3.96,241909946,3.96,1,0.29,0.3,Pick-up Point,0,0,'5,3/16/2021,House & Garden,Google Pay
380,10/20/2021,10/21/2021,Delivered,10/24/2021,4,5.20,214005955,5.20,1,0.34,0,Pick-up Point,0,0,#N/A,#N/A,No data,Card
381,10/20/2021,10/21/2021,Delivered,10/29/2021,9,3.96,241909946,3.96,1,0.29,0.3,Pick-up Point,0,0,'5,3/16/2021,House & Garden,Apple Pay
382,10/20/2021,10/25/2021,Delivered,10/27/2021,7,7.33,191684958,7.33,1,0.35,0.2,Courier,0,0,'61.25,8/30/2020,Stationary,Apple Pay
383,10/20/2021,10/21/2021,Delivered,10/25/2021,5,3.96,241909946,3.96,1,0.29,0.3,Pick-up Point,0,0,'5,3/16/2021,House & Garden,Card
384,10/20/2021,10/21/2021,Delivered,10/26/2021,6,3.33,219546494,3.33,1,0.49,0.1,Pick-up Point,1,0,'56.25,9/8/2021,Stationary,Card
385,10/20/2021,10/20/2021,Delivered,10/22/2021,2,3.96,241909946,3.96,1,0.29,0.3,Pick-up Point,0,0,'5,3/16/2021,House & Garden,Google Pay
386,10/20/2021,10/21/2021,Delivered,10/21/2021,1,3.96,241909946,3.96,1,0.29,0.3,Pick-up Point,0,0,'5,3/16/2021,House & Garden,Apple Pay
387,10/20/2021,10/20/2021,Delivered,10/27/2021,7,8.40,225850168,8.40,1,0.29,0.5,Pick-up Point,0,0,#N/A,#N/A,No data,Card
388,10/20/2021,10/21/2021,Delivered,10/25/2021,5,3.96,241909946,3.96,1,0.29,0.3,Pick-up Point,0,0,'5,3/16/2021,House & Garden,Digital
389,10/20/2021,10/20/2021,Delivered,10/22/2021,2,3.96,241909946,3.96,1,0.29,0.3,Courier,0,0,'5,3/16/2021,House & Garden,Card
390,10/19/2021,10/20/2021,Delivered,10/23/2021,4,8.40,225850168,8.40,1,0.29,0.5,Pick-up Point,0,0,#N/A,#N/A,No data,Card
391,10/19/2021,10/20/2021,Delivered,10/25/2021,6,5.33,250990858,5.33,1,0.27,0.1,Pick-up Point,1,0,'65,4/4/2021,Paper,Apple Pay
392,10/19/2021,10/20/2021,Delivered,10/22/2021,3,3.87,219899101,3.87,1,0.41,0.1,Pick-up Point,0,0,'41.25,9/11/2021,Sticker,Card
393,10/19/2021,10/20/2021,Delivered,10/22/2021,3,3.87,219895099,3.87,1,0.41,0.1,Pick-up Point,0,0,'41.25,9/11/2021,Sticker,Card
394,10/19/2021,10/19/2021,Delivered,10/21/2021,2,8.67,225848498,8.67,1,0.27,0.5,Pick-up Point,0,0,#N/A,#N/A,No data,Card
395,10/19/2021,10/20/2021,Delivered,10/23/2021,4,2.65,182569295,2.65,1,0.49,0.1,Pick-up Point,0,0,'51.25,7/23/2020,Journal,Card
396,10/19/2021,10/20/2021,Delivered,10/25/2021,6,2.65,182569295,2.65,1,0.49,0.1,Pick-up Point,0,0,'51.25,7/23/2020,Journal,Card
397,10/19/2021,10/19/2021,Delivered,10/20/2021,1,2.65,182569295,2.65,1,0.49,0.1,Pick-up Point,0,0,'51.25,7/23/2020,Journal,Card
398,10/19/2021,10/20/2021,Delivered,10/23/2021,4,2.65,182569295,2.65,1,0.49,0.1,Pick-up Point,0,0,'51.25,7/23/2020,Journal,Card
399,10/19/2021,10/19/2021,Delivered,10/20/2021,1,8.67,225848498,8.67,1,0.27,0.5,Pick-up Point,1,0,#N/A,#N/A,No data,Card
400,10/19/2021,10/20/2021,Delivered,10/22/2021,3,3.96,241909946,3.96,1,0.29,0.3,Pick-up box,0,0,'5,3/16/2021,House & Garden,Card
401,10/19/2021,10/20/2021,Delivered,10/23/2021,4,3.96,241909946,3.96,1,0.29,0.3,Pick-up Point,1,0,'5,3/16/2021,House & Garden,Card
402,10/19/2021,10/19/2021,Delivered,10/23/2021,4,2.65,182569295,2.65,1,0.49,0.1,Pick-up Point,0,0,'51.25,7/23/2020,Journal,Card
403,10/19/2021,10/21/2021,Delivered,10/22/2021,3,8.67,225848498,8.67,1,0.27,0.5,Courier,0,0,#N/A,#N/A,No data,Card
404,10/19/2021,10/19/2021,Delivered,10/23/2021,4,3.87,219899101,3.87,1,0.41,0.1,Pick-up Point,0,0,'41.25,9/11/2021,Sticker,Card
405,10/19/2021,10/19/2021,Delivered,10/21/2021,2,2.65,182569295,2.65,1,0.49,0.1,Pick-up Point,0,0,'51.25,7/23/2020,Journal,Apple Pay
406,10/19/2021,10/19/2021,Delivered,10/22/2021,3,3.96,241909946,3.96,1,0.29,0.3,Pick-up Point,1,0,'5,3/16/2021,House & Garden,Card
407,10/19/2021,10/20/2021,Delivered,10/21/2021,2,8.40,225850168,8.40,1,0.29,0.5,Pick-up Point,0,0,#N/A,#N/A,No data,Apple Pay
408,10/19/2021,10/19/2021,Delivered,10/20/2021,1,3.87,219895099,3.87,1,0.41,0.1,Pick-up Point,0,0,'41.25,9/11/2021,Sticker,Apple Pay
409,10/18/2021,10/19/2021,Delivered,10/19/2021,1,8.67,225848498,8.67,1,0.27,0.5,Courier,0,0,#N/A,#N/A,No data,Credit
410,10/18/2021,10/19/2021,Delivered,10/22/2021,4,3.87,219908882,3.87,1,0.27,0.1,Pick-up Point,0,0,'30,9/11/2021,Sticker,Card
411,10/18/2021,10/19/2021,Cancelled,,-44488,8.40,225850168,8.40,1,0.29,0.5,Courier,1,0,#N/A,#N/A,No data,Card
412,10/18/2021,10/19/2021,Delivered,10/23/2021,5,3.87,219895099,3.87,1,0.41,0.1,Pick-up Point,0,0,'41.25,9/11/2021,Sticker,Card
413,10/18/2021,10/19/2021,Delivered,10/23/2021,4,3.96,241909946,3.96,1,0.29,0.3,Pick-up Point,0,0,'5,3/16/2021,House & Garden,Apple Pay
414,10/18/2021,10/19/2021,Delivered,10/21/2021,3,19.80,241909946,3.96,5,0.29,1.8,Pick-up Point,0,0,'5,3/16/2021,House & Garden,Card
415,10/18/2021,10/19/2021,Delivered,10/21/2021,3,3.96,241909946,3.96,1,0.29,0.3,Pick-up Point,0,0,'5,3/16/2021,House & Garden,Google Pay
416,10/18/2021,10/19/2021,Delivered,10/27/2021,9,5.20,202528585,5.20,1,0.29,0.1,Pick-up Point,0,0,'65,8/14/2021,Paper,Card
417,10/18/2021,10/19/2021,Delivered,10/20/2021,2,2.65,182569295,2.65,1,0.49,0.1,Pick-up Point,0,0,'51.25,7/23/2020,Journal,Apple Pay
418,10/18/2021,10/19/2021,Delivered,10/22/2021,4,3.96,241909946,3.96,1,0.29,0.3,Pick-up Point,0,0,'5,3/16/2021,House & Garden,Card
419,10/18/2021,10/19/2021,Delivered,10/20/2021,2,2.65,182569295,2.65,1,0.49,0.1,Courier,0,0,'51.25,7/23/2020,Journal,Card
420,10/18/2021,10/19/2021,Delivered,10/21/2021,3,8.40,225850168,8.40,1,0,0.5,Pick-up Point,1,0,#N/A,#N/A,No data,Card
421,10/18/2021,10/19/2021,Delivered,10/25/2021,7,8.40,225850168,8.40,1,0.29,0.5,Pick-up Point,0,0,#N/A,#N/A,No data,Card
422,10/18/2021,10/19/2021,Delivered,10/22/2021,4,3.96,241909946,3.96,1,0.29,0.3,Pick-up Point,0,0,'5,3/16/2021,House & Garden,Card
423,10/18/2021,10/18/2021,Delivered,10/18/2021,0,5.31,182569295,2.65,2,0.49,0.3,Courier,1,0,'51.25,7/23/2020,Journal,Card
424,10/18/2021,10/19/2021,Delivered,10/23/2021,5,3.96,241909946,3.96,1,0.29,0.3,Pick-up Point,0,0,'5,3/16/2021,House & Garden,Apple Pay
425,10/18/2021,10/18/2021,Cancelled,,-44487,2.65,182569295,2.65,1,0.49,0.1,Pick-up Point,0,0,'51.25,7/23/2020,Journal,Card
426,10/18/2021,10/18/2021,Delivered,10/24/2021,6,2.65,182569295,2.65,1,0.49,0.1,Pick-up Point,0,0,'51.25,7/23/2020,Journal,Card
427,10/18/2021,10/18/2021,Delivered,10/19/2021,1,2.65,182569295,2.65,1,0.49,0.1,Pick-up Point,0,0,'51.25,7/23/2020,Journal,Card
428,10/18/2021,10/18/2021,Delivered,10/21/2021,3,2.65,182569295,2.65,1,0.49,0.1,Pick-up Point,0,0,'51.25,7/23/2020,Journal,Card
429,10/18/2021,10/18/2021,Delivered,10/21/2021,3,2.65,182569295,2.65,1,0.49,0.1,Pick-up Point,0,0,'51.25,7/23/2020,Journal,Card
430,10/17/2021,10/18/2021,Delivered,10/19/2021,1,7.33,191684958,7.33,1,0.35,0.2,Pick-up Point,0,0,'61.25,8/30/2020,Stationary,Apple Pay
431,10/17/2021,10/18/2021,Delivered,10/22/2021,5,3.96,241909946,3.96,1,0.29,0.3,Pick-up Point,0,0,'5,3/16/2021,House & Garden,Card
432,10/17/2021,10/17/2021,Delivered,10/21/2021,4,8.67,225848498,8.67,1,0.27,0.5,Pick-up Point,0,0,#N/A,#N/A,No data,Card
433,10/17/2021,10/19/2021,Delivered,10/29/2021,12,3.87,219899101,3.87,1,0.41,0.1,Pick-up Point,0,0,'41.25,9/11/2021,Sticker,Card
434,10/17/2021,10/17/2021,Delivered,10/20/2021,3,3.33,219546494,3.33,1,0.49,0.1,Pick-up Point,0,0,'56.25,9/8/2021,Stationary,Card
435,10/17/2021,10/17/2021,Delivered,10/18/2021,1,3.87,219899101,3.87,1,0.41,0.1,Pick-up Point,0,0,'41.25,9/11/2021,Sticker,Card
436,10/17/2021,10/18/2021,Delivered,10/21/2021,4,13.13,198486522,13.13,1,0.27,0.7,Pick-up Point,0,0,'46.25,9/26/2020,Paper,Card
437,10/17/2021,10/18/2021,Delivered,10/19/2021,2,8.67,225848498,8.67,1,0.27,0.5,Courier,1,0,#N/A,#N/A,No data,Card
438,10/17/2021,10/18/2021,Delivered,10/19/2021,2,3.87,219895099,3.87,1,0.41,0.1,Pick-up Point,0,0,'41.25,9/11/2021,Sticker,Card
439,10/17/2021,10/17/2021,Delivered,10/19/2021,2,5.87,250990858,5.87,1,0.25,0.1,Pick-up Point,1,0,'65,4/4/2021,Paper,Card
440,10/17/2021,10/18/2021,Delivered,10/21/2021,4,3.96,241909946,3.96,1,0.29,0.3,Pick-up Point,0,0,'5,3/16/2021,House & Garden,Card
441,10/17/2021,10/18/2021,Delivered,10/20/2021,3,8.67,225848498,8.67,1,0.27,0.5,Pick-up Point,0,0,#N/A,#N/A,No data,Card
442,10/17/2021,10/17/2021,Cancelled,,-44486,3.99,219925820,3.99,1,0.32,0.4,Pick-up Point,0,0,'60,9/11/2021,Study,Card
443,10/17/2021,10/18/2021,Delivered,10/22/2021,5,8.67,225848498,8.67,1,0.27,0.5,Pick-up Point,1,0,#N/A,#N/A,No data,Apple Pay
444,10/16/2021,10/17/2021,Delivered,10/18/2021,2,2.65,182569295,2.65,1,0.49,0.1,Pick-up Point,0,0,'51.25,7/23/2020,Journal,Card
445,10/16/2021,10/17/2021,Delivered,10/18/2021,2,8.67,225848498,8.67,1,0.27,0.5,Pick-up Point,0,0,#N/A,#N/A,No data,Card
446,10/16/2021,10/18/2021,Delivered,10/20/2021,4,3.96,241909946,3.96,1,0.29,0.3,Courier,0,0,'5,3/16/2021,House & Garden,Card
447,10/16/2021,10/23/2021,Delivered,10/24/2021,8,3.87,219899101,3.87,1,0.41,0.1,Courier,0,0,'41.25,9/11/2021,Sticker,Card
448,10/16/2021,10/17/2021,Delivered,10/19/2021,3,8.67,225848498,8.67,1,0.27,0.5,Courier,1,0,#N/A,#N/A,No data,Card
449,10/16/2021,10/16/2021,Delivered,10/17/2021,1,3.96,241909946,3.96,1,0.29,0.3,Pick-up Point,0,0,'5,3/16/2021,House & Garden,Card
450,10/16/2021,10/16/2021,Delivered,10/20/2021,4,8.67,225848498,8.67,1,0.27,0.5,Pick-up Point,0,0,#N/A,#N/A,No data,Card
451,10/16/2021,10/17/2021,Delivered,10/20/2021,4,5.31,182569295,2.65,2,0.49,0.3,Courier,0,0,'51.25,7/23/2020,Journal,Card
452,10/16/2021,10/16/2021,Delivered,10/17/2021,1,2.65,182569295,2.65,1,0.49,0.1,Pick-up Point,0,0,'51.25,7/23/2020,Journal,Card
453,10/16/2021,10/16/2021,Delivered,10/17/2021,1,13.13,198486522,13.13,1,0.27,0.7,Pick-up Point,0,0,'46.25,9/26/2020,Paper,Card
454,10/16/2021,10/17/2021,Delivered,10/22/2021,6,8.67,225848498,8.67,1,0.27,0.5,Pick-up Point,0,0,#N/A,#N/A,No data,Card
455,10/16/2021,10/17/2021,Delivered,10/23/2021,7,5.20,202528585,5.20,1,0.29,0.1,Pick-up Point,0,0,'65,8/14/2021,Paper,Card
456,10/16/2021,10/17/2021,Delivered,10/20/2021,4,8.67,225848498,8.67,1,0.27,0.5,Courier,0,0,#N/A,#N/A,No data,Card
457,10/16/2021,10/17/2021,Delivered,10/20/2021,4,8.67,225848498,8.67,1,0.27,0.5,Pick-up Point,1,0,#N/A,#N/A,No data,Card
458,10/16/2021,10/17/2021,Delivered,10/20/2021,4,8.67,225848498,8.67,1,0.27,0.5,Courier,1,0,#N/A,#N/A,No data,Apple Pay
459,10/16/2021,10/17/2021,Delivered,10/18/2021,2,11.60,219894852,3.87,3,0.26,0.2,Pick-up Point,0,0,'30,9/11/2021,Sticker,Card
460,10/16/2021,10/17/2021,Delivered,10/18/2021,2,2.65,182569295,2.65,1,0.49,0.1,Pick-up Point,0,0,'51.25,7/23/2020,Journal,Card
461,10/16/2021,10/16/2021,Delivered,10/18/2021,2,8.40,225850168,8.40,1,0.29,0.5,Pick-up Point,0,0,#N/A,#N/A,No data,Card
462,10/16/2021,10/16/2021,Delivered,10/18/2021,2,8.67,225848498,8.67,1,0.27,0.5,Pick-up Point,0,0,#N/A,#N/A,No data,Card
463,10/16/2021,10/16/2021,Delivered,10/17/2021,2,3.99,219925820,3.99,1,0.32,0.4,Pick-up Point,0,0,'60,9/11/2021,Study,Card
464,10/16/2021,10/17/2021,Delivered,10/25/2021,9,8.67,225848498,8.67,1,0.27,0.5,Pick-up Point,0,0,#N/A,#N/A,No data,Card
465,10/16/2021,10/16/2021,Delivered,10/19/2021,4,3.99,219925820,3.99,1,0.32,0.4,Pick-up Point,0,0,'60,9/11/2021,Study,Card
466,10/15/2021,10/16/2021,Delivered,10/24/2021,9,3.96,199519914,3.96,1,0.6,1.1,Pick-up Point,0,0,'40,6/24/2020,Decoration,Card
467,10/15/2021,10/17/2021,Delivered,10/18/2021,3,3.96,241909946,3.96,1,0.29,0.3,Courier,1,0,'5,3/16/2021,House & Garden,Apple Pay
468,10/15/2021,10/16/2021,Delivered,10/17/2021,2,8.40,225850168,8.40,1,0.29,0.5,Pick-up Point,0,0,#N/A,#N/A,No data,Apple Pay
469,10/15/2021,10/15/2021,Delivered,10/18/2021,3,3.96,241909946,3.96,1,0.29,0.3,Pick-up Point,0,0,'5,3/16/2021,House & Garden,Card
470,10/15/2021,10/16/2021,Delivered,10/19/2021,4,3.96,241909946,3.96,1,0.29,0.3,Pick-up Point,1,0,'5,3/16/2021,House & Garden,Google Pay
471,10/15/2021,10/16/2021,Delivered,10/21/2021,6,7.33,209488909,7.33,1,0.44,0.6,Pick-up Point,1,0,'40,11/17/2020,Stationary,Google Pay
472,10/15/2021,10/15/2021,Delivered,10/20/2021,5,3.99,219925820,3.99,1,0.32,0.4,Pick-up Point,0,0,'60,9/11/2021,Study,Card
473,10/15/2021,10/15/2021,Delivered,10/17/2021,2,7.33,191684958,7.33,1,0.35,0.2,Pick-up Point,0,0,'61.25,8/30/2020,Stationary,Card
474,10/15/2021,10/15/2021,Delivered,10/17/2021,2,13.13,198486522,13.13,1,0.27,0.7,Pick-up Point,0,0,'46.25,9/26/2020,Paper,Card
475,10/15/2021,10/16/2021,Delivered,10/17/2021,2,3.96,199519914,3.96,1,0.6,1.1,Courier,0,0,'40,6/24/2020,Decoration,Apple Pay
476,10/15/2021,10/15/2021,Delivered,10/19/2021,4,3.96,241909946,3.96,1,0.29,0.3,Pick-up Point,0,0,'5,3/16/2021,House & Garden,Card
477,10/14/2021,10/18/2021,Delivered,10/20/2021,6,5.87,250990858,5.87,1,0.25,0.1,Courier,0,1,'65,4/4/2021,Paper,Card
478,10/14/2021,10/15/2021,Cancelled,,-44484,5.20,202528585,5.20,1,0.29,0.1,Pick-up Point,1,0,'65,8/14/2021,Paper,Card
479,10/14/2021,10/15/2021,Delivered,10/18/2021,4,13.13,198486522,13.13,1,0.27,0.7,Pick-up Point,0,0,'46.25,9/26/2020,Paper,Card
480,10/14/2021,10/15/2021,Delivered,10/17/2021,3,3.87,219895099,3.87,1,0.41,0.1,Pick-up Point,0,0,'41.25,9/11/2021,Sticker,Card
481,10/14/2021,10/19/2021,Delivered,10/20/2021,6,5.20,214005955,5.20,1,0.34,0,Courier,0,0,#N/A,#N/A,No data,Card
482,10/14/2021,10/15/2021,Delivered,10/18/2021,4,5.87,250990858,5.87,1,0.25,0.1,Pick-up Point,1,0,'65,4/4/2021,Paper,Card
483,10/14/2021,10/15/2021,Delivered,10/18/2021,4,3.80,219925820,3.80,1,0.33,0.4,Pick-up Point,0,0,'60,9/11/2021,Study,Card
484,10/14/2021,10/15/2021,Delivered,10/20/2021,6,11.88,241909946,3.96,3,0.29,1,Pick-up Point,0,0,'5,3/16/2021,House & Garden,Card
485,10/14/2021,10/15/2021,Delivered,10/19/2021,5,3.96,241909946,3.96,1,0.29,0.3,Pick-up Point,0,0,'5,3/16/2021,House & Garden,Card
486,10/13/2021,10/14/2021,Delivered,10/18/2021,5,3.99,219925820,3.99,1,0.32,0.4,Pick-up Point,0,0,'60,9/11/2021,Study,Card
487,10/13/2021,10/14/2021,Delivered,10/15/2021,2,3.99,219925820,3.99,1,0.32,0.4,Pick-up Point,0,0,'60,9/11/2021,Study,Card
488,10/13/2021,10/14/2021,Delivered,10/17/2021,4,3.99,219925820,3.99,1,0.32,0.4,Pick-up Point,1,0,'60,9/11/2021,Study,Card
489,10/13/2021,10/14/2021,Delivered,10/19/2021,6,3.96,241909946,3.96,1,0.29,0.3,Pick-up Point,0,0,'5,3/16/2021,House & Garden,Card
490,10/13/2021,10/13/2021,Delivered,10/15/2021,2,3.96,241909946,3.96,1,0.29,0.3,Pick-up Point,0,0,'5,3/16/2021,House & Garden,Card
491,10/13/2021,10/14/2021,Delivered,10/16/2021,3,3.96,199519914,3.96,1,0.6,1.1,Courier,1,0,'40,6/24/2020,Decoration,Card
492,10/13/2021,10/13/2021,Delivered,10/14/2021,1,3.96,199519914,3.96,1,0.6,1.1,Courier,1,0,'40,6/24/2020,Decoration,Card
493,10/13/2021,10/13/2021,Delivered,10/25/2021,12,3.99,219925820,3.99,1,0.32,0.4,Pick-up Point,0,0,'60,9/11/2021,Study,Card
494,10/13/2021,10/13/2021,Delivered,10/15/2021,2,7.92,241909946,3.96,2,0.29,0.7,Pick-up Point,1,0,'5,3/16/2021,House & Garden,Card
495,10/12/2021,10/13/2021,Delivered,10/16/2021,4,13.13,198486522,13.13,1,0.27,0.7,Pick-up Point,0,0,'46.25,9/26/2020,Paper,Card
496,10/12/2021,10/13/2021,Delivered,10/15/2021,3,7.92,241909946,3.96,2,0.29,0.7,Courier,1,0,'5,3/16/2021,House & Garden,Card
497,10/12/2021,10/12/2021,Delivered,10/13/2021,1,4.47,291090282,4.47,1,0.32,0.1,Pick-up Point,1,0,'31.25,6/3/2021,Study,Card
498,10/12/2021,10/13/2021,Delivered,10/16/2021,4,7.33,191684958,7.33,1,0.35,0.2,Pick-up Point,0,0,'61.25,8/30/2020,Stationary,Google Pay
499,10/12/2021,10/17/2021,Delivered,10/18/2021,6,7.33,191684958,7.33,1,0.35,0.2,Courier,0,0,'61.25,8/30/2020,Stationary,Apple Pay
500,10/12/2021,10/15/2021,Delivered,10/16/2021,4,4.40,241909946,4.40,1,0.45,0.3,Courier,1,0,'5,3/16/2021,House & Garden,Card
501,10/12/2021,10/13/2021,Delivered,10/18/2021,6,3.87,219894852,3.87,1,0.26,0.1,Pick-up Point,0,0,'30,9/11/2021,Sticker,Card
502,10/12/2021,10/13/2021,Delivered,10/16/2021,4,4.40,241909946,4.40,1,0.45,0.3,Pick-up Point,0,0,'5,3/16/2021,House & Garden,Card
503,10/12/2021,10/12/2021,Delivered,10/13/2021,1,4.40,241909946,4.40,1,0.45,0.3,Pick-up Point,1,0,'5,3/16/2021,House & Garden,Card
504,10/12/2021,10/13/2021,Delivered,10/15/2021,3,3.87,219894852,3.87,1,0.26,0.1,Pick-up Point,0,0,'30,9/11/2021,Sticker,Apple Pay
505,10/12/2021,10/13/2021,Delivered,10/19/2021,7,5.87,250990858,5.87,1,0.25,0.1,Pick-up Point,0,0,'65,4/4/2021,Paper,Card
506,10/11/2021,10/12/2021,Delivered,10/14/2021,3,13.13,198486522,13.13,1,0.27,0.7,Pick-up Point,0,0,'46.25,9/26/2020,Paper,Card
507,10/11/2021,10/12/2021,Delivered,10/13/2021,2,5.20,202528585,5.20,1,0.29,0.1,Pick-up Point,1,0,'65,8/14/2021,Paper,Card
508,10/11/2021,10/12/2021,Delivered,10/14/2021,3,3.87,219908882,3.87,1,0.27,0.1,Pick-up Point,0,0,'30,9/11/2021,Sticker,Card
509,10/11/2021,10/12/2021,Delivered,10/17/2021,6,9.33,206052892,4.67,2,0.41,0.2,Pick-up Point,0,0,'45,8/18/2021,Paper,Card
510,10/11/2021,10/12/2021,Delivered,10/15/2021,4,3.99,249846004,3.99,1,0.32,0.2,Pick-up Point,0,0,'45,4/4/2021,Paper,Card
511,10/11/2021,10/12/2021,Delivered,10/16/2021,5,3.96,199519914,3.96,1,0.6,1.1,Pick-up Point,0,0,'40,6/24/2020,Decoration,Card
512,10/11/2021,10/11/2021,Delivered,10/12/2021,1,13.13,198486522,13.13,1,0.27,0.7,Pick-up Point,0,0,'46.25,9/26/2020,Paper,Card
513,10/10/2021,10/11/2021,Delivered,10/11/2021,1,2.65,182569295,2.65,1,0.49,0.1,Courier,0,0,'51.25,7/23/2020,Journal,Card
514,10/10/2021,10/11/2021,Delivered,10/15/2021,5,3.96,199519914,3.96,1,0.6,1.1,Pick-up box,0,0,'40,6/24/2020,Decoration,Card
515,10/10/2021,10/11/2021,Delivered,10/12/2021,2,3.87,219899101,3.87,1,0.41,0.1,Courier,1,0,'41.25,9/11/2021,Sticker,Apple Pay
516,10/10/2021,10/11/2021,Delivered,10/14/2021,4,8.80,241909946,4.40,2,0.45,0.7,Pick-up Point,0,0,'5,3/16/2021,House & Garden,Apple Pay
517,10/10/2021,10/11/2021,Delivered,10/14/2021,4,3.87,219894852,3.87,1,0.26,0.1,Courier,1,0,'30,9/11/2021,Sticker,Card
518,10/10/2021,10/11/2021,Delivered,10/16/2021,6,4.40,241909946,4.40,1,0.45,0.3,Pick-up Point,0,0,'5,3/16/2021,House & Garden,Apple Pay
519,10/10/2021,10/11/2021,Delivered,10/15/2021,5,4.40,241909946,4.40,1,0.45,0.3,Pick-up Point,1,0,'5,3/16/2021,House & Garden,Card
520,10/10/2021,10/10/2021,Delivered,10/12/2021,2,10.64,249910406,5.32,2,0.27,0.4,Pick-up Point,1,0,'25,4/4/2021,Paper,Card
521,10/10/2021,10/11/2021,Delivered,10/13/2021,3,4.40,241909946,4.40,1,0.45,0.3,Pick-up Point,0,0,'5,3/16/2021,House & Garden,Card
522,10/10/2021,10/11/2021,Delivered,10/14/2021,4,3.99,219925820,3.99,1,0.32,0.4,Pick-up Point,0,0,'60,9/11/2021,Study,Card
523,10/10/2021,10/10/2021,Delivered,10/11/2021,1,2.65,182569295,2.65,1,0.49,0.1,Pick-up Point,0,0,'51.25,7/23/2020,Journal,Card
524,10/10/2021,10/11/2021,Delivered,10/12/2021,2,3.87,219899101,3.87,1,0.41,0.1,Pick-up Point,0,0,'41.25,9/11/2021,Sticker,Apple Pay
525,10/10/2021,10/11/2021,Delivered,10/14/2021,4,3.96,199519914,3.96,1,0.6,1.1,Pick-up Point,1,0,'40,6/24/2020,Decoration,Card
526,10/10/2021,10/10/2021,Delivered,10/11/2021,1,2.65,182569295,2.65,1,0.49,0.1,Pick-up Point,0,0,'51.25,7/23/2020,Journal,Card
527,10/10/2021,10/10/2021,Delivered,10/11/2021,1,2.65,182569295,2.65,1,0.49,0.1,Pick-up Point,1,0,'51.25,7/23/2020,Journal,Card
528,10/10/2021,10/11/2021,Delivered,10/14/2021,4,3.87,251169005,3.87,1,0.51,0.1,Pick-up Point,0,0,'68.75,4/7/2021,Stationary,Card
529,10/9/2021,10/10/2021,Delivered,10/13/2021,4,13.13,198486522,13.13,1,0.27,0.7,Pick-up Point,0,0,'46.25,9/26/2020,Paper,Apple Pay
530,10/9/2021,10/10/2021,Delivered,10/11/2021,2,3.87,251169005,3.87,1,0.51,0.1,Pick-up Point,1,0,'68.75,4/7/2021,Stationary,Card
531,10/9/2021,10/10/2021,Delivered,10/12/2021,2,3.87,251169005,3.87,1,0.51,0.1,Pick-up Point,0,0,'68.75,4/7/2021,Stationary,Card
532,10/9/2021,10/10/2021,Delivered,10/14/2021,5,2.65,182569295,2.65,1,0.49,0.1,Courier,0,0,'51.25,7/23/2020,Journal,Apple Pay
533,10/9/2021,10/10/2021,Delivered,10/11/2021,2,4.40,241909946,4.40,1,0.45,0.3,Courier,0,0,'5,3/16/2021,House & Garden,Apple Pay
534,10/9/2021,10/14/2021,Delivered,10/15/2021,6,3.87,251169005,3.87,1,0.51,0.1,Courier,0,0,'68.75,4/7/2021,Stationary,Card
535,10/9/2021,10/10/2021,Delivered,10/12/2021,3,3.87,251169005,3.87,1,0.51,0.1,Pick-up Point,0,0,'68.75,4/7/2021,Stationary,Card
536,10/9/2021,10/12/2021,Delivered,10/17/2021,8,5.87,250990858,5.87,1,0.25,0.1,Courier,0,0,'65,4/4/2021,Paper,Card
537,10/9/2021,10/10/2021,Delivered,10/12/2021,3,3.87,219899101,3.87,1,0.41,0.1,Pick-up Point,0,0,'41.25,9/11/2021,Sticker,Apple Pay
538,10/9/2021,10/9/2021,Delivered,10/12/2021,3,7.33,191684958,7.33,1,0.35,0.2,Pick-up Point,0,0,'61.25,8/30/2020,Stationary,Apple Pay
539,10/9/2021,10/10/2021,Delivered,10/12/2021,3,2.65,182569295,2.65,1,0.49,0.1,Pick-up Point,0,0,'51.25,7/23/2020,Journal,Apple Pay
540,10/9/2021,10/9/2021,Delivered,10/11/2021,2,3.87,251169005,3.87,1,0.51,0.1,Courier,0,0,'68.75,4/7/2021,Stationary,Card
541,10/9/2021,10/10/2021,Delivered,10/19/2021,10,2.65,182569295,2.65,1,0.49,0.1,Pick-up Point,0,0,'51.25,7/23/2020,Journal,Card
542,10/8/2021,10/9/2021,Delivered,10/12/2021,4,11.60,251169005,3.87,3,0.51,0.2,Pick-up Point,1,0,'68.75,4/7/2021,Stationary,Card
543,10/8/2021,10/8/2021,Delivered,10/10/2021,2,13.13,198486522,13.13,1,0.27,0.7,Pick-up Point,1,0,'46.25,9/26/2020,Paper,Card
544,10/8/2021,10/8/2021,Delivered,10/9/2021,1,13.13,198486522,13.13,1,0.27,0.7,Pick-up Point,0,0,'46.25,9/26/2020,Paper,Card
545,10/8/2021,10/8/2021,Delivered,10/11/2021,3,2.65,182569295,2.65,1,0.49,0.1,Pick-up Point,0,0,'51.25,7/23/2020,Journal,Card
546,10/8/2021,10/8/2021,Delivered,10/11/2021,3,5.31,182569295,2.65,2,0.49,0.3,Pick-up Point,0,0,'51.25,7/23/2020,Journal,Card
547,10/8/2021,10/8/2021,Delivered,10/9/2021,1,3.87,251169005,3.87,1,0.51,0.1,Courier,0,0,'68.75,4/7/2021,Stationary,Card
548,10/6/2021,10/7/2021,Delivered,10/10/2021,4,3.99,249846004,3.99,1,0.32,0.2,Pick-up Point,0,0,'45,4/4/2021,Paper,Card
549,10/6/2021,10/7/2021,Cancelled,,-44476,3.99,249846004,3.99,1,0.32,0.2,Pick-up Point,0,0,'45,4/4/2021,Paper,Card
550,10/6/2021,10/6/2021,Delivered,10/11/2021,5,4.40,241909946,4.40,1,0.45,0.3,Pick-up Point,0,0,'5,3/16/2021,House & Garden,Google Pay
551,10/6/2021,10/6/2021,Cancelled,,-44475,3.99,249846004,3.99,1,0.32,0.2,Pick-up Point,0,0,'45,4/4/2021,Paper,Card
552,10/5/2021,10/6/2021,Delivered,10/9/2021,4,3.96,290998918,3.96,1,0.39,0.1,Pick-up Point,0,0,'36.25,6/3/2021,Study,Card
553,10/5/2021,10/6/2021,Delivered,10/10/2021,5,4.47,298265922,4.47,1,0.32,0.1,Pick-up Point,0,0,'25,6/22/2021,Study,Credit
554,10/5/2021,10/6/2021,Delivered,10/9/2021,4,4.40,241909946,4.40,1,0.45,0.3,Pick-up Point,0,0,'5,3/16/2021,House & Garden,Card
555,10/5/2021,10/6/2021,Delivered,10/7/2021,2,4.40,241909946,4.40,1,0.45,0.3,Pick-up Point,0,0,'5,3/16/2021,House & Garden,Card
556,10/5/2021,10/6/2021,Cancelled,,-44474,4.40,241909946,4.40,1,0.45,0.3,Pick-up Point,1,0,'5,3/16/2021,House & Garden,Card
557,10/4/2021,10/6/2021,Delivered,10/7/2021,3,8.80,241909946,4.40,2,0.45,0.7,Pick-up Point,0,0,'5,3/16/2021,House & Garden,Card
558,10/4/2021,10/5/2021,Delivered,10/7/2021,3,3.99,249846004,3.99,1,0.32,0.2,Pick-up Point,0,0,'45,4/4/2021,Paper,Card
559,10/4/2021,10/4/2021,Delivered,10/5/2021,1,3.99,249846004,3.99,1,0.32,0.2,Pick-up Point,0,0,'45,4/4/2021,Paper,Card
560,10/3/2021,10/4/2021,Delivered,10/8/2021,5,3.87,251169005,3.87,1,0.51,0.1,Pick-up Point,0,0,'68.75,4/7/2021,Stationary,Card
561,10/3/2021,10/6/2021,Delivered,10/7/2021,4,3.87,251169005,3.87,1,0.51,0.1,Courier,0,0,'68.75,4/7/2021,Stationary,Card
562,10/3/2021,10/4/2021,Delivered,10/5/2021,2,3.87,251169005,3.87,1,0.51,0.1,Pick-up Point,0,0,'68.75,4/7/2021,Stationary,Card
563,10/2/2021,10/3/2021,Delivered,10/4/2021,2,4.47,291090282,4.47,1,0.32,0.1,Pick-up Point,0,0,'31.25,6/3/2021,Study,Card
564,10/2/2021,10/3/2021,Delivered,10/4/2021,2,3.87,251169005,3.87,1,0.51,0.1,Pick-up Point,0,0,'68.75,4/7/2021,Stationary,Card
565,10/2/2021,10/3/2021,Delivered,10/5/2021,3,11.73,249919188,5.87,2,0.27,0.4,Pick-up Point,0,0,'40,4/4/2021,Paper,Apple Pay
566,10/2/2021,10/5/2021,Delivered,10/6/2021,4,3.87,251169005,3.87,1,0.51,0.1,Courier,1,0,'68.75,4/7/2021,Stationary,Card
567,10/2/2021,10/2/2021,Delivered,10/6/2021,4,7.33,191684958,7.33,1,0.35,0.2,Pick-up Point,0,0,'61.25,8/30/2020,Stationary,Card
568,10/2/2021,10/2/2021,Delivered,10/6/2021,4,3.87,251169005,3.87,1,0.51,0.1,Pick-up Point,0,0,'68.75,4/7/2021,Stationary,Card
569,10/1/2021,10/2/2021,Delivered,10/3/2021,1,3.87,251169005,3.87,1,0.51,0.1,Pick-up Point,0,0,'68.75,4/7/2021,Stationary,Card
570,10/1/2021,10/3/2021,Delivered,10/5/2021,4,3.87,251169005,3.87,1,0.51,0.1,Courier,0,0,'68.75,4/7/2021,Stationary,Apple Pay
571,10/1/2021,10/3/2021,Delivered,10/3/2021,2,3.87,251169005,3.87,1,0.51,0.1,Courier,1,0,'68.75,4/7/2021,Stationary,Card
572,10/1/2021,10/2/2021,Delivered,10/4/2021,3,3.87,251169005,3.87,1,0.51,0.1,Pick-up Point,0,0,'68.75,4/7/2021,Stationary,Card
573,10/1/2021,10/1/2021,Delivered,10/2/2021,1,3.87,251169005,3.87,1,0.51,0.1,Pick-up Point,0,0,'68.75,4/7/2021,Stationary,Card
574,10/1/2021,10/1/2021,Delivered,10/3/2021,2,3.87,251169005,3.87,1,0.51,0.1,Pick-up box,1,0,'68.75,4/7/2021,Stationary,Card
575,10/1/2021,10/2/2021,Delivered,10/3/2021,2,4.47,298265922,4.47,1,0.32,0.1,Pick-up Point,0,0,'25,6/22/2021,Study,Card
576,10/1/2021,10/2/2021,Delivered,10/4/2021,3,3.99,249846004,3.99,1,0.32,0.2,Pick-up Point,0,0,'45,4/4/2021,Paper,Card
577,10/1/2021,10/2/2021,Delivered,10/4/2021,3,7.33,191684958,7.33,1,0.35,0.2,Pick-up Point,0,0,'61.25,8/30/2020,Stationary,Card
578,9/30/2021,10/1/2021,Delivered,10/3/2021,3,3.87,251169005,3.87,1,0.51,0.1,Pick-up Point,0,0,'68.75,4/7/2021,Stationary,Card
579,9/30/2021,10/1/2021,Delivered,10/19/2021,19,3.87,251169005,3.87,1,0.51,0.1,Pick-up box,0,0,'68.75,4/7/2021,Stationary,Card
580,9/30/2021,10/1/2021,Delivered,10/3/2021,3,3.87,251169005,3.87,1,0.51,0.1,Pick-up Point,0,0,'68.75,4/7/2021,Stationary,Google Pay
581,9/30/2021,9/30/2021,Delivered,10/3/2021,3,3.87,251169005,3.87,1,0.51,0.1,Pick-up Point,0,0,'68.75,4/7/2021,Stationary,Card
582,9/29/2021,9/29/2021,Delivered,10/4/2021,5,2.65,182569295,2.65,1,0.49,0.1,Pick-up Point,0,0,'51.25,7/23/2020,Journal,Apple Pay
583,9/29/2021,9/29/2021,Delivered,9/30/2021,1,2.65,182569295,2.65,1,0.49,0.1,Pick-up Point,0,0,'51.25,7/23/2020,Journal,Card
584,9/29/2021,9/29/2021,Delivered,10/2/2021,3,5.31,182569295,2.65,2,0.49,0.3,Pick-up Point,0,0,'51.25,7/23/2020,Journal,Google Pay
585,9/29/2021,9/29/2021,Delivered,9/30/2021,1,7.33,191684958,7.33,1,0.35,0.2,Courier,0,0,'61.25,8/30/2020,Stationary,Apple Pay
586,9/29/2021,9/30/2021,Delivered,10/5/2021,6,7.33,191684958,7.33,1,0.35,0.2,Pick-up Point,0,0,'61.25,8/30/2020,Stationary,Apple Pay
587,9/29/2021,9/30/2021,Cancelled,,-44468,7.33,191684958,7.33,1,0.35,0.2,Pick-up Point,0,0,'61.25,8/30/2020,Stationary,Apple Pay
588,9/29/2021,9/30/2021,Delivered,10/2/2021,3,3.87,251169005,3.87,1,0.51,0.1,Pick-up Point,0,0,'68.75,4/7/2021,Stationary,Card
589,9/29/2021,9/30/2021,Delivered,10/1/2021,2,7.33,191684958,7.33,1,0.35,0.2,Pick-up Point,0,0,'61.25,8/30/2020,Stationary,Card
590,9/28/2021,9/29/2021,Delivered,10/7/2021,9,2.65,182569295,2.65,1,0.49,0.1,Pick-up Point,0,0,'51.25,7/23/2020,Journal,Card
591,9/28/2021,9/29/2021,Delivered,10/1/2021,3,2.65,182569295,2.65,1,0.49,0.1,Pick-up Point,0,0,'51.25,7/23/2020,Journal,Card
592,9/28/2021,9/29/2021,Cancelled,,-44468,2.65,182569295,2.65,1,0.49,0.1,Pick-up Point,0,0,'51.25,7/23/2020,Journal,Card
593,9/28/2021,9/28/2021,Delivered,9/30/2021,2,7.32,191684958,7.32,1,0.35,0.2,Pick-up Point,0,0,'61.25,8/30/2020,Stationary,Card
594,9/28/2021,9/28/2021,Delivered,9/29/2021,1,2.65,182569295,2.65,1,0.49,0.1,Pick-up Point,0,0,'51.25,7/23/2020,Journal,Card
595,9/28/2021,9/28/2021,Delivered,9/29/2021,1,2.65,182569295,2.65,1,0.49,0.1,Pick-up Point,0,0,'51.25,7/23/2020,Journal,Apple Pay
596,9/28/2021,9/29/2021,Delivered,9/30/2021,2,3.87,251169005,3.87,1,0.51,0.1,Pick-up Point,0,0,'68.75,4/7/2021,Stationary,Apple Pay
597,9/27/2021,9/28/2021,Delivered,10/3/2021,6,3.96,290998918,3.96,1,0.39,0.1,Pick-up Point,0,0,'36.25,6/3/2021,Study,Card
598,9/27/2021,9/29/2021,Delivered,9/30/2021,3,3.87,251169005,3.87,1,0.51,0.1,Pick-up Point,0,0,'68.75,4/7/2021,Stationary,Google Pay
599,9/27/2021,9/28/2021,Delivered,10/1/2021,4,3.87,251169005,3.87,1,0.51,0.1,Pick-up Point,0,0,'68.75,4/7/2021,Stationary,Apple Pay
600,9/27/2021,9/28/2021,Delivered,9/29/2021,2,2.65,182569295,2.65,1,0.49,0.1,Pick-up Point,0,0,'51.25,7/23/2020,Journal,Google Pay
601,9/27/2021,9/27/2021,Delivered,9/30/2021,3,2.65,182569295,2.65,1,0.49,0.1,Pick-up Point,0,0,'51.25,7/23/2020,Journal,Card
602,9/27/2021,9/28/2021,Delivered,10/1/2021,4,7.32,191684958,7.32,1,0.35,0.2,Pick-up Point,0,0,'61.25,8/30/2020,Stationary,Card
603,9/27/2021,9/29/2021,Delivered,9/29/2021,2,7.32,191684958,7.32,1,0.35,0.2,Courier,1,0,'61.25,8/30/2020,Stationary,Apple Pay
604,9/26/2021,9/27/2021,Delivered,10/1/2021,5,7.32,191684958,7.32,1,0.35,0.2,Pick-up Point,0,0,'61.25,8/30/2020,Stationary,Card
